経過月,事業コード,開発コード,部番,年月,月次使用数,累積販売台数,SF-コード,ランク,lambda0,期待故障数,参照値k,CUSUM,しきい値h,アラート,基準モード,月次p値,スパイクアラート,バーストp値,バーストアラート,アラート種別,総合アラート
0,BIZ1,H_NEW_BAD,100-0001-001,202000,0,390.0,SF100,H,0.00046620046620046625,0.18181818181818185,0.26230818925253885,0.0,6.0,False,earlylife,1.0,False,,False,,False
1,BIZ1,H_NEW_BAD,100-0001-001,202001,4,2069.0,SF100,H,0.00031080031080031085,0.6430458430458431,0.9277190488265006,3.072280951173499,6.0,False,earlylife,0.004283742719611294,True,0.010066084564328892,False,spike,True
2,BIZ1,H_NEW_BAD,100-0001-001,202002,1,3747.0,SF100,H,0.0001504774875117923,0.5638391457066857,0.8134479393701052,3.258833011803394,6.0,False,earlylife,0.43097968682157106,False,0.007926400522059951,False,,False
3,BIZ1,H_NEW_BAD,100-0001-001,202003,4,5426.0,SF100,H,0.00027049716950191014,1.4677176417173645,2.1174689631308863,5.141364048672507,6.0,False,earlylife,0.061656300618747606,False,0.05554510181959993,False,,False
4,BIZ1,H_NEW_BAD,100-0001-001,202004,5,7105.0,SF100,H,0.00042033379300813117,2.986471599322772,4.308567766098695,5.832796282573812,6.0,False,earlylife,0.18246870850608876,False,0.03817259112549032,False,,False
5,BIZ1,H_NEW_BAD,100-0001-001,202005,5,8783.0,SF100,H,0.0003980424209291082,3.4960065830203573,5.04367136023864,5.789124922335174,6.0,False,earlylife,0.2738012561932619,False,0.12111745708214428,False,,False
6,BIZ1,H_NEW_BAD,100-0001-001,202006,3,10462.0,SF100,H,0.0004274763126139757,4.472257182567414,6.452103258870055,2.3370216634651175,6.0,False,earlylife,0.8232773247788865,False,0.5426005228490014,False,,False
7,BIZ1,H_NEW_BAD,100-0001-001,202007,4,12141.0,SF100,H,0.0003109264210164159,3.7749576775603053,5.446112720981971,0.8909089424831462,6.0,False,earlylife,0.5213783768680337,False,0.7158788804476831,False,,False
8,BIZ1,H_NEW_BAD,100-0001-001,202008,8,13820.0,SF100,H,0.00021268535641537042,2.939311625660419,4.240530305967564,4.650378636515583,6.0,False,earlylife,0.010645629165205173,False,0.041476953555105056,False,,False
9,BIZ1,H_NEW_BAD,100-0001-001,202009,3,15498.0,SF100,H,0.00019885440106508004,3.0818455077066105,4.446163230754257,3.2042154057613264,6.0,False,earlylife,0.5948944660492232,False,0.04350095220220862,False,,False
10,BIZ1,H_NEW_BAD,100-0001-001,202010,9,17177.0,SF100,H,0.00028983673253789587,4.978525554803437,7.182494128853895,5.0217212769074315,6.0,False,earlylife,0.06670085152508343,False,0.11633144681923202,False,,False
11,BIZ1,H_NEW_BAD,100-0001-001,202011,8,18856.0,SF100,H,0.0003286961514599304,6.197894631928447,8.941671849435497,4.080049427471934,6.0,False,earlylife,0.28368523523014666,False,0.06265722788366046,False,,False
12,BIZ1,H_NEW_BAD,100-0001-001,202012,8,20534.0,SF100,H,0.0002143755099586845,4.401986721491628,6.350724413155039,5.7293250143168954,6.0,False,earlylife,0.07873399342169707,False,0.07280138252103152,False,,False
13,BIZ1,H_NEW_BAD,100-0001-001,202013,6,22213.0,SF100,H,0.00010995746468629872,2.4424851630767535,3.5237612322157035,8.205563782101192,6.0,True,earlylife,0.038289033407774564,False,0.010747621861415091,False,drift,True
14,BIZ1,H_NEW_BAD,100-0001-001,202014,6,23892.0,SF100,H,0.00011564300760065732,2.7629427375949045,3.9860837857883453,2.0139162142116547,6.0,False,earlylife,0.0619254768913432,False,0.007367053892104236,False,,False
15,BIZ1,H_NEW_BAD,100-0001-001,202015,7,25570.0,SF100,H,0.00016447116525660727,4.205527695611448,6.067293950779826,2.946622263431829,6.0,False,earlylife,0.1331686843559845,False,0.02617829272696781,False,,False
16,BIZ1,H_NEW_BAD,100-0001-001,202016,8,27249.0,SF100,H,0.0001943397308350208,5.295563325523482,7.639882948446195,3.3067393149856334,6.0,False,earlylife,0.16600752069595115,False,0.06003768374003615,False,,False
17,BIZ1,H_NEW_BAD,100-0001-001,202017,11,28928.0,SF100,H,0.00016685811512140032,4.826871554231868,6.963703654298319,7.343035660687315,6.0,True,earlylife,0.010818290347000659,False,0.008098228172833788,False,drift,True
18,BIZ1,H_NEW_BAD,100-0001-001,202018,7,30607.0,SF100,H,0.00014144690081978453,4.3292652933911455,6.245809569468109,0.7541904305318914,6.0,False,earlylife,0.14771640001712105,False,0.006287883455000864,False,,False
19,BIZ1,H_NEW_BAD,100-0001-001,202019,11,32285.0,SF100,H,0.00014848816148256794,4.793940293464706,6.916193887699314,4.837996542832578,6.0,False,earlylife,0.010327897426345545,False,0.0060725748783968525,False,,False
20,BIZ1,H_NEW_BAD,100-0001-001,202020,14,33964.0,SF100,H,0.00014214214640864467,4.827715860623208,6.9649217309420965,11.873074811890481,6.0,True,earlylife,0.0004995810474510698,True,2.5565696644025415e-05,True,drift+spike+burst,True
21,BIZ1,H_NEW_BAD,100-0001-001,202021,10,35643.0,SF100,H,0.0001492622008741923,5.320152625758836,7.67535780995467,2.3246421900453296,6.0,False,earlylife,0.044977462644845145,False,0.00014872888208217194,True,burst,True
22,BIZ1,H_NEW_BAD,100-0001-001,202022,7,37321.0,SF100,H,0.00014223883335292078,5.308495499564357,7.658540131802878,1.6661020582424513,6.0,False,earlylife,0.2841723561634233,False,0.04342789256766544,False,,False
23,BIZ1,H_NEW_BAD,100-0001-001,202023,13,39000.0,SF100,H,0.00014919856149965134,5.818743898486402,8.394672966549246,6.271429091693205,6.0,True,earlylife,0.006963376156899903,False,0.010408408275661696,False,drift,True
0,BIZ1,H_NEW_OK,100-0001-001,202000,0,390.0,SF100,H,0.00046620046620046625,0.18181818181818185,0.26230818925253885,0.0,6.0,False,earlylife,1.0,False,,False,,False
1,BIZ1,H_NEW_OK,100-0001-001,202001,2,2069.0,SF100,H,0.00031080031080031085,0.6430458430458431,0.9277190488265006,1.0722809511734994,6.0,False,earlylife,0.13626917369257452,False,0.20017197848394486,False,,False
2,BIZ1,H_NEW_OK,100-0001-001,202002,1,3747.0,SF100,H,0.0001504774875117923,0.5638391457066857,0.8134479393701052,1.258833011803394,6.0,False,earlylife,0.43097968682157106,False,0.12200939418777135,False,,False
3,BIZ1,H_NEW_OK,100-0001-001,202003,3,5426.0,SF100,H,0.00027049716950191014,1.4677176417173645,2.1174689631308863,2.1413640486725076,6.0,False,earlylife,0.183094304526218,False,0.14861531783656656,False,,False
4,BIZ1,H_NEW_OK,100-0001-001,202004,1,7105.0,SF100,H,0.00042033379300813117,2.986471599322772,4.308567766098695,0.0,6.0,False,earlylife,0.9495348156526058,False,0.6499160428422088,False,,False
5,BIZ1,H_NEW_OK,100-0001-001,202005,1,8783.0,SF100,H,0.0003980424209291082,3.4960065830203573,5.04367136023864,0.0,6.0,False,earlylife,0.9696817847285824,False,0.9885517012113052,False,,False
6,BIZ1,H_NEW_OK,100-0001-001,202006,4,10462.0,SF100,H,0.0004274763126139757,4.472257182567414,6.452103258870055,0.0,6.0,False,earlylife,0.6530017149867833,False,0.8985361542764344,False,,False
7,BIZ1,H_NEW_OK,100-0001-001,202007,3,12141.0,SF100,H,0.0003109264210164159,3.7749576775603053,5.446112720981971,0.0,6.0,False,earlylife,0.7270345365283836,False,0.7158788804476831,False,,False
8,BIZ1,H_NEW_OK,100-0001-001,202008,4,13820.0,SF100,H,0.00021268535641537042,2.939311625660419,4.240530305967564,0.0,6.0,False,earlylife,0.33917418819168244,False,0.5069079733878752,False,,False
9,BIZ1,H_NEW_OK,100-0001-001,202009,1,15498.0,SF100,H,0.00019885440106508004,3.0818455077066105,4.446163230754257,0.0,6.0,False,earlylife,0.9541254832951304,False,0.717765451540716,False,,False
10,BIZ1,H_NEW_OK,100-0001-001,202010,5,17177.0,SF100,H,0.00028983673253789587,4.978525554803437,7.182494128853895,0.0,6.0,False,earlylife,0.555730593799295,False,0.8142317613629999,False,,False
11,BIZ1,H_NEW_OK,100-0001-001,202011,3,18856.0,SF100,H,0.0003286961514599304,6.197894631928447,8.941671849435497,0.0,6.0,False,earlylife,0.9463002627385028,False,0.8678402021534197,False,,False
12,BIZ1,H_NEW_OK,100-0001-001,202012,3,20534.0,SF100,H,0.0002143755099586845,4.401986721491628,6.350724413155039,0.0,6.0,False,earlylife,0.8150936975798555,False,0.9524693469771992,False,,False
13,BIZ1,H_NEW_OK,100-0001-001,202013,5,22213.0,SF100,H,0.00010995746468629872,2.4424851630767535,3.5237612322157035,1.4762387677842965,6.0,False,earlylife,0.10127163514139559,False,0.37812553278257754,False,,False
14,BIZ1,H_NEW_OK,100-0001-001,202014,6,23892.0,SF100,H,0.00011564300760065732,2.7629427375949045,3.9860837857883453,3.4901549819959516,6.0,False,earlylife,0.0619254768913432,False,0.017818501783120944,False,,False
15,BIZ1,H_NEW_OK,100-0001-001,202015,3,25570.0,SF100,H,0.00016447116525660727,4.205527695611448,6.067293950779826,0.42286103121612584,6.0,False,earlylife,0.7904920536242015,False,0.2668073433468372,False,,False
16,BIZ1,H_NEW_OK,100-0001-001,202016,4,27249.0,SF100,H,0.0001943397308350208,5.295563325523482,7.639882948446195,0.0,6.0,False,earlylife,0.7740403982162745,False,0.8351341156471102,False,,False
17,BIZ1,H_NEW_OK,100-0001-001,202017,5,28928.0,SF100,H,0.00016685811512140032,4.826871554231868,6.963703654298319,0.0,6.0,False,earlylife,0.5286216056182671,False,0.6807962617913698,False,,False
18,BIZ1,H_NEW_OK,100-0001-001,202018,4,30607.0,SF100,H,0.00014144690081978453,4.3292652933911455,6.245809569468109,0.0,6.0,False,earlylife,0.6280846199254801,False,0.564733811174573,False,,False
19,BIZ1,H_NEW_OK,100-0001-001,202019,5,32285.0,SF100,H,0.00014848816148256794,4.793940293464706,6.916193887699314,0.0,6.0,False,earlylife,0.5226376490175764,False,0.5604658341904194,False,,False
20,BIZ1,H_NEW_OK,100-0001-001,202020,3,33964.0,SF100,H,0.00014214214640864467,4.827715860623208,6.9649217309420965,0.0,6.0,False,earlylife,0.8600672738827246,False,0.743752081521958,False,,False
21,BIZ1,H_NEW_OK,100-0001-001,202021,2,35643.0,SF100,H,0.0001492622008741923,5.320152625758836,7.67535780995467,0.0,6.0,False,earlylife,0.9690817689748411,False,0.9734236132191163,False,,False
22,BIZ1,H_NEW_OK,100-0001-001,202022,5,37321.0,SF100,H,0.00014223883335292078,5.308495499564357,7.658540131802878,0.0,6.0,False,earlylife,0.611874511627473,False,0.9047815650531202,False,,False
23,BIZ1,H_NEW_OK,100-0001-001,202023,5,39000.0,SF100,H,0.00014919856149965134,5.818743898486402,8.394672966549246,0.0,6.0,False,earlylife,0.6899496579603002,False,0.6731368665167066,False,,False
36,BIZ1,H_OLD0,100-0001-001,202036,2,13905.0,SF100,H,0.00010433240303607293,1.450742064216594,2.0929783816542984,0.0,8.0,False,stable,0.44383609558742443,False,,False,,False
37,BIZ1,H_OLD0,100-0001-001,202037,1,14282.0,SF100,H,0.00010433240303607293,1.4900753801611937,2.149724361509291,0.0,8.0,False,stable,0.7788773690924569,False,0.5800356760400174,False,,False
38,BIZ1,H_OLD0,100-0001-001,202038,0,14658.0,SF100,H,0.00010433240303607293,1.529304363702757,2.2063198215238193,0.0,8.0,False,stable,1.0,False,0.9478007884240585,False,,False
39,BIZ1,H_OLD0,100-0001-001,202039,0,15034.0,SF100,H,0.00010433240303607293,1.5685333472443204,2.2629152815383473,0.0,8.0,False,stable,1.0,False,1.0,False,,False
40,BIZ1,H_OLD0,100-0001-001,202040,2,15410.0,SF100,H,0.00010433240303607293,1.607762330785884,2.319510741552876,0.0,8.0,False,stable,0.494763163105229,False,0.8244837847188934,False,,False
41,BIZ1,H_OLD0,100-0001-001,202041,2,15786.0,SF100,H,0.00010433240303607293,1.6469913143274473,2.376106201567404,0.0,8.0,False,stable,0.5069607816514761,False,0.43846033676673346,False,,False
42,BIZ1,H_OLD0,100-0001-001,202042,3,16163.0,SF100,H,0.00010433240303607293,1.6863246302720467,2.4328521814223967,0.5671478185776033,8.0,False,stable,0.2637936768075264,False,0.28113628074109154,False,,False
43,BIZ1,H_OLD0,100-0001-001,202043,2,16539.0,SF100,H,0.00010433240303607293,1.7255536138136103,2.489447641436925,0.07770017714067823,8.0,False,stable,0.5307374761560304,False,0.29581192306799464,False,,False
44,BIZ1,H_OLD0,100-0001-001,202044,0,16915.0,SF100,H,0.00010433240303607293,1.7647825973551736,2.5460431014514535,0.0,8.0,False,stable,1.0,False,0.8594322813261074,False,,False
45,BIZ1,H_OLD0,100-0001-001,202045,0,17291.0,SF100,H,0.00010433240303607293,1.804011580896737,2.6026385614659815,0.0,8.0,False,stable,1.0,False,1.0,False,,False
46,BIZ1,H_OLD0,100-0001-001,202046,1,17668.0,SF100,H,0.00010433240303607293,1.8433448968413366,2.6593845413209745,0.0,8.0,False,stable,0.8429897869496422,False,0.9703383473567989,False,,False
47,BIZ1,H_OLD0,100-0001-001,202047,7,18044.0,SF100,H,0.00010433240303607293,1.8825738803829,2.7159800013355024,4.284019998664498,8.0,False,stable,0.00661712355866169,False,0.06113984546080335,False,,False
48,BIZ1,H_OLD0,100-0001-001,202048,1,18420.0,SF100,H,0.00010433240303607293,1.9218028639244633,2.772575461350031,2.5114445373144667,8.0,False,stable,0.8543775672927164,False,0.06663586081240472,False,,False
49,BIZ1,H_OLD0,100-0001-001,202049,4,18796.0,SF100,H,0.00010433240303607293,1.9610318474660269,2.8291709213645593,3.6822736159499074,8.0,False,stable,0.16152625277881405,False,0.3844183168057942,False,,False
50,BIZ1,H_OLD0,100-0001-001,202050,1,19173.0,SF100,H,0.00010433240303607293,2.0003651634106263,2.885916901219552,1.7963567147303556,8.0,False,stable,0.8649165222675542,False,0.3990880697044828,False,,False
51,BIZ1,H_OLD0,100-0001-001,202051,2,19549.0,SF100,H,0.00010433240303607293,2.0395941469521897,2.9425123612340798,0.8538443534962759,8.0,False,stable,0.6169972113681413,False,0.7679956391217934,False,,False
52,BIZ1,H_OLD0,100-0001-001,202052,1,19925.0,SF100,H,0.00010433240303607293,2.078823130493753,2.999107821248608,0.0,8.0,False,stable,0.8746467553368763,False,0.7780735343865877,False,,False
53,BIZ1,H_OLD0,100-0001-001,202053,3,20301.0,SF100,H,0.00010433240303607293,2.1180521140353163,3.055703281263136,0.0,8.0,False,stable,0.38055310329722736,False,0.6185552385723789,False,,False
54,BIZ1,H_OLD0,100-0001-001,202054,0,20677.0,SF100,H,0.00010433240303607293,2.15728109757688,3.112298741277665,0.0,8.0,False,stable,1.0,False,0.7970559729371707,False,,False
55,BIZ1,H_OLD0,100-0001-001,202055,2,21054.0,SF100,H,0.00010433240303607293,2.1966144135214796,3.1690447211326576,0.0,8.0,False,stable,0.6549320652931,False,0.9240060192349903,False,,False
56,BIZ1,H_OLD0,100-0001-001,202056,1,21430.0,SF100,H,0.00010433240303607293,2.235843397063043,3.2256401811471855,0.0,8.0,False,stable,0.891980001281663,False,0.8145714495210262,False,,False
57,BIZ1,H_OLD0,100-0001-001,202057,3,21806.0,SF100,H,0.00010433240303607293,2.2750723806046063,3.282235641161714,0.0,8.0,False,stable,0.4218013002348807,False,0.6686121621202872,False,,False
58,BIZ1,H_OLD0,100-0001-001,202058,1,22182.0,SF100,H,0.00010433240303607293,2.3143013641461696,3.338831101176242,0.0,8.0,False,stable,0.8996815686635786,False,0.6802916501651326,False,,False
59,BIZ1,H_OLD0,100-0001-001,202059,2,22559.0,SF100,H,0.00010433240303607293,2.353634680090769,3.3955770810312345,0.0,8.0,False,stable,0.6895627275858233,False,0.838224911868635,False,,False
60,BIZ1,H_OLD0,100-0001-001,202060,1,22935.0,SF100,H,0.00010433240303607293,2.392863663632333,3.4521725410457633,0.0,8.0,False,stable,0.9068189598780911,False,0.845468738683002,False,,False
61,BIZ1,H_OLD0,100-0001-001,202061,3,23311.0,SF100,H,0.00010433240303607293,2.432092647173896,3.5087680010602913,0.0,8.0,False,stable,0.46178985116328697,False,0.7134012666214407,False,,False
62,BIZ1,H_OLD0,100-0001-001,202062,3,23687.0,SF100,H,0.00010433240303607293,2.4713216307154595,3.5653634610748197,0.0,8.0,False,stable,0.47155149508159755,False,0.40670486352235186,False,,False
63,BIZ1,H_OLD0,100-0001-001,202063,0,24063.0,SF100,H,0.00010433240303607293,2.510550614257023,3.621958921089348,0.0,8.0,False,stable,1.0,False,0.865385946759503,False,,False
64,BIZ1,H_OLD0,100-0001-001,202064,6,24440.0,SF100,H,0.00010433240303607293,2.5498839302016223,3.67870490094434,2.32129509905566,8.0,False,stable,0.065939598675852,False,0.43234483253299355,False,,False
65,BIZ1,H_OLD0,100-0001-001,202065,2,24816.0,SF100,H,0.00010433240303607293,2.5891129137431856,3.7353003609588686,0.5859947380967911,8.0,False,stable,0.7356886447360863,False,0.19835376211680517,False,,False
66,BIZ1,H_OLD0,100-0001-001,202066,3,25192.0,SF100,H,0.00010433240303607293,2.6283418972847494,3.7918958209733975,0.0,8.0,False,stable,0.5096079079410687,False,0.6125209515151586,False,,False
67,BIZ1,H_OLD0,100-0001-001,202067,4,25568.0,SF100,H,0.00010433240303607293,2.6675708808263128,3.8484912809879255,0.15150871901207452,8.0,False,stable,0.310650343190443,False,0.33043951780650177,False,,False
68,BIZ1,H_OLD0,100-0001-001,202068,4,25945.0,SF100,H,0.00010433240303607293,2.706904196770912,3.905237260842918,0.24627145816915652,8.0,False,stable,0.31932371023218187,False,0.22753241401327814,False,,False
69,BIZ1,H_OLD0,100-0001-001,202069,2,26321.0,SF100,H,0.00010433240303607293,2.7461331803124756,3.961832720857446,0.0,8.0,False,stable,0.7628626901380242,False,0.4947102917253332,False,,False
70,BIZ1,H_OLD0,100-0001-001,202070,1,26697.0,SF100,H,0.00010433240303607293,2.785362163854039,4.018428180871974,0.0,8.0,False,stable,0.9353073033017147,False,0.9027976697823057,False,,False
71,BIZ1,H_OLD0,100-0001-001,202071,6,27073.0,SF100,H,0.00010433240303607293,2.8245911473956022,4.075023640886503,1.9249763591134972,8.0,False,stable,0.09354413314625581,False,0.37731868708391036,False,,False
72,BIZ1,H_OLD0,100-0001-001,202072,4,27450.0,SF100,H,0.00010433240303607293,2.863924463340202,4.131769620741496,1.7932067383720014,8.0,False,stable,0.3539264678764701,False,0.10759988169814064,False,,False
73,BIZ1,H_OLD0,100-0001-001,202073,7,27826.0,SF100,H,0.00010433240303607293,2.9031534468817655,4.188365080756024,4.604841657615977,8.0,False,stable,0.04690964174030359,False,0.06748477108482416,False,,False
74,BIZ1,H_OLD0,100-0001-001,202074,6,28202.0,SF100,H,0.00010433240303607293,2.942382430423329,4.244960540770552,6.359881116845426,8.0,False,stable,0.10689427083401885,False,0.022617866242335773,False,,False
75,BIZ1,H_OLD0,100-0001-001,202075,2,28578.0,SF100,H,0.00010433240303607293,2.981611413964892,4.30155600078508,4.058325116060345,8.0,False,stable,0.7987619509460503,False,0.2994896794152986,False,,False
76,BIZ1,H_OLD0,100-0001-001,202076,4,28954.0,SF100,H,0.00010433240303607293,3.0208403975064555,4.358151460799609,3.7001736552607367,8.0,False,stable,0.38826092433825277,False,0.5760821770314649,False,,False
77,BIZ1,H_OLD0,100-0001-001,202077,4,29331.0,SF100,H,0.00010433240303607293,3.060173713451055,4.414897440654601,3.285276214606136,8.0,False,stable,0.3967988036687391,False,0.3206729066319837,False,,False
78,BIZ1,H_OLD0,100-0001-001,202078,3,29707.0,SF100,H,0.00010433240303607293,3.0994026969926187,4.47149290066913,1.813783313937006,8.0,False,stable,0.6128971593060097,False,0.45816476740619977,False,,False
79,BIZ1,H_OLD0,100-0001-001,202079,3,30083.0,SF100,H,0.00010433240303607293,3.138631680534182,4.5280883606836575,0.2856949532533486,8.0,False,stable,0.620719692217181,False,0.6084041309808348,False,,False
80,BIZ1,H_OLD0,100-0001-001,202080,4,30459.0,SF100,H,0.00010433240303607293,3.1778606640757454,4.584683820698186,0.0,8.0,False,stable,0.4221235518229928,False,0.48060292869604965,False,,False
81,BIZ1,H_OLD0,100-0001-001,202081,4,30836.0,SF100,H,0.00010433240303607293,3.217193980020345,4.641429800553179,0.0,8.0,False,stable,0.43050297883760924,False,0.3633586335787081,False,,False
82,BIZ1,H_OLD0,100-0001-001,202082,5,31212.0,SF100,H,0.00010433240303607293,3.256422963561908,4.698025260567706,0.3019747394322936,8.0,False,stable,0.26686776822151403,False,0.2639685763607539,False,,False
83,BIZ1,H_OLD0,100-0001-001,202083,3,31588.0,SF100,H,0.00010433240303607293,3.2956519471034715,4.754620720582235,0.0,8.0,False,stable,0.6508126654300744,False,0.3847165793916124,False,,False
84,BIZ1,H_OLD0,100-0001-001,202084,1,31964.0,SF100,H,0.00010433240303607293,3.3348809306450353,4.811216180596764,0.0,8.0,False,stable,0.9607795532640334,False,0.8828223504974917,False,,False
85,BIZ1,H_OLD0,100-0001-001,202085,3,32341.0,SF100,H,0.00010433240303607293,3.3742142465896348,4.867962160451756,0.0,8.0,False,stable,0.6651413423898375,False,0.8874689831217253,False,,False
86,BIZ1,H_OLD0,100-0001-001,202086,2,32717.0,SF100,H,0.00010433240303607293,3.413443230131198,4.924557620466285,0.0,8.0,False,stable,0.851558711510505,False,0.7972054374288536,False,,False
87,BIZ1,H_OLD0,100-0001-001,202087,7,33093.0,SF100,H,0.00010433240303607293,3.4526722136727614,4.981153080480812,2.018846919519188,8.0,False,stable,0.09111538092957315,False,0.31208632556292193,False,,False
88,BIZ1,H_OLD0,100-0001-001,202088,5,33469.0,SF100,H,0.00010433240303607293,3.491901197214325,5.037748540495341,1.9810983790238472,8.0,False,stable,0.3108338241270657,False,0.09735240657116795,False,,False
89,BIZ1,H_OLD0,100-0001-001,202089,6,33845.0,SF100,H,0.00010433240303607293,3.531130180755888,5.094344000509869,2.886754378513978,8.0,False,stable,0.18522450293516077,False,0.15812856968662933,False,,False
90,BIZ1,H_OLD0,100-0001-001,202090,3,34222.0,SF100,H,0.00010433240303607293,3.570463496700488,5.151089980364862,0.7356643981491162,8.0,False,stable,0.6988485463218049,False,0.3414624254902761,False,,False
36,BIZ1,H_OLD1,100-0001-001,202036,0,13832.0,SF100,H,6.293068185393789e-05,0.870457191403669,1.2558042733442085,0.0,8.0,False,stable,1.0,False,,False,,False
37,BIZ1,H_OLD1,100-0001-001,202037,1,14206.0,SF100,H,6.293068185393789e-05,0.8939932664170417,1.289759652047992,0.0,8.0,False,stable,0.6070661073563817,False,0.831929768645258,False,,False
38,BIZ1,H_OLD1,100-0001-001,202038,0,14581.0,SF100,H,6.293068185393789e-05,0.9175922721122683,1.3238058205344059,0.0,8.0,False,stable,1.0,False,0.8392354786992391,False,,False
39,BIZ1,H_OLD1,100-0001-001,202039,0,14955.0,SF100,H,6.293068185393789e-05,0.9411283471256412,1.3577611992381895,0.0,8.0,False,stable,1.0,False,1.0,False,,False
40,BIZ1,H_OLD1,100-0001-001,202040,0,15329.0,SF100,H,6.293068185393789e-05,0.9646644221390139,1.391716577941973,0.0,8.0,False,stable,1.0,False,1.0,False,,False
41,BIZ1,H_OLD1,100-0001-001,202041,3,15703.0,SF100,H,6.293068185393789e-05,0.9882004971523867,1.4256719566457565,1.5743280433542435,8.0,False,stable,0.10068896401290182,False,0.3518280870800826,False,,False
42,BIZ1,H_OLD1,100-0001-001,202042,3,16078.0,SF100,H,6.293068185393789e-05,1.0117995028476134,1.4597181251321705,3.114609918222073,8.0,False,stable,0.105868319024781,False,0.03388244828583605,False,,False
43,BIZ1,H_OLD1,100-0001-001,202043,0,16452.0,SF100,H,6.293068185393789e-05,1.035335577860986,1.4936735038359539,1.620936414386119,8.0,False,stable,1.0,False,0.3771100336714571,False,,False
44,BIZ1,H_OLD1,100-0001-001,202044,1,16826.0,SF100,H,6.293068185393789e-05,1.058871652874359,1.5276288825397375,1.0933075318463812,8.0,False,stable,0.6668938100065719,False,0.8764542776844432,False,,False
45,BIZ1,H_OLD1,100-0001-001,202045,1,17200.0,SF100,H,6.293068185393789e-05,1.0824077278877318,1.5615842612435211,0.5317232706028603,8.0,False,stable,0.6746008943406356,False,0.6488156207392215,False,,False
46,BIZ1,H_OLD1,100-0001-001,202046,2,17575.0,SF100,H,6.293068185393789e-05,1.1060067335829584,1.595630429729935,0.9360928408729254,8.0,False,stable,0.33342010036970293,False,0.4142591033643756,False,,False
47,BIZ1,H_OLD1,100-0001-001,202047,1,17949.0,SF100,H,6.293068185393789e-05,1.1295428085963313,1.6295858084337187,0.30650703243920674,8.0,False,stable,0.6894644303744987,False,0.4264184608595331,False,,False
48,BIZ1,H_OLD1,100-0001-001,202048,0,18323.0,SF100,H,6.293068185393789e-05,1.153078883609704,1.663541187137502,0.0,8.0,False,stable,1.0,False,0.8960431602235949,False,,False
49,BIZ1,H_OLD1,100-0001-001,202049,0,18697.0,SF100,H,6.293068185393789e-05,1.1766149586230767,1.6974965658412857,0.0,8.0,False,stable,1.0,False,1.0,False,,False
50,BIZ1,H_OLD1,100-0001-001,202050,4,19072.0,SF100,H,6.293068185393789e-05,1.2002139643183034,1.7315427343276997,2.2684572656723003,8.0,False,stable,0.05116265251623079,False,0.2658306790735155,False,,False
51,BIZ1,H_OLD1,100-0001-001,202051,3,19446.0,SF100,H,6.293068185393789e-05,1.2237500393316763,1.7654981130314833,3.5029591526408166,8.0,False,stable,0.15606875639413156,False,0.029268176644221083,False,,False
52,BIZ1,H_OLD1,100-0001-001,202052,3,19820.0,SF100,H,6.293068185393789e-05,1.2472861143450489,1.7994534917352667,4.70350566090555,8.0,False,stable,0.16198512788102273,False,0.07204741695286379,False,,False
53,BIZ1,H_OLD1,100-0001-001,202053,6,20194.0,SF100,H,6.293068185393789e-05,1.2708221893584217,1.8334088704390503,8.870096790466498,8.0,True,stable,0.005181871648061937,False,0.0055852116900211145,False,drift,True
54,BIZ1,H_OLD1,100-0001-001,202054,2,20569.0,SF100,H,6.293068185393789e-05,1.2944211950536484,1.8674550389254643,0.13254496107453573,8.0,False,stable,0.4017724112862251,False,0.015596736843857695,False,,False
55,BIZ1,H_OLD1,100-0001-001,202055,4,20943.0,SF100,H,6.293068185393789e-05,1.3179572700670212,1.901410417629248,2.231134543445288,8.0,False,stable,0.06628824301622892,False,0.08657846041507554,False,,False
56,BIZ1,H_OLD1,100-0001-001,202056,6,21317.0,SF100,H,6.293068185393789e-05,1.341493345080394,1.9353657963330315,6.295768747112256,8.0,False,stable,0.006590070574506931,False,0.0029397966895382895,False,,False
57,BIZ1,H_OLD1,100-0001-001,202057,4,21691.0,SF100,H,6.293068185393789e-05,1.3650294200937667,1.969321175036815,8.326447572075441,8.0,True,stable,0.07287263593681992,False,0.003281543524571395,False,drift,True
58,BIZ1,H_OLD1,100-0001-001,202058,4,22066.0,SF100,H,6.293068185393789e-05,1.3886284257889936,2.003367343523229,1.9966326564767711,8.0,False,stable,0.07628464836705985,False,0.021809010453064315,False,,False
59,BIZ1,H_OLD1,100-0001-001,202059,1,22440.0,SF100,H,6.293068185393789e-05,1.4121645008023662,2.0373227222270125,0.9593099342497586,8.0,False,stable,0.7645650845343726,False,0.2061982754823966,False,,False
60,BIZ1,H_OLD1,100-0001-001,202060,3,22814.0,SF100,H,6.293068185393789e-05,1.435700575815739,2.071278100930796,1.8880318333189625,8.0,False,stable,0.21106543712186135,False,0.36909441311919733,False,,False
61,BIZ1,H_OLD1,100-0001-001,202061,4,23188.0,SF100,H,6.293068185393789e-05,1.459236650829112,2.1052334796345797,3.7827983536843823,8.0,False,stable,0.08692103076931582,False,0.05921416932992374,False,,False
62,BIZ1,H_OLD1,100-0001-001,202062,2,23563.0,SF100,H,6.293068185393789e-05,1.4828356565243386,2.1392796481209935,3.6435187055633893,8.0,False,stable,0.4657325308899012,False,0.125438071001688,False,,False
63,BIZ1,H_OLD1,100-0001-001,202063,2,23937.0,SF100,H,6.293068185393789e-05,1.5063717315377112,2.173235026824777,3.470283678738612,8.0,False,stable,0.47337588456358726,False,0.3995603246658715,False,,False
64,BIZ1,H_OLD1,100-0001-001,202064,4,24311.0,SF100,H,6.293068185393789e-05,1.529907806551084,2.2071904055285607,5.2630932732100515,8.0,False,stable,0.09818037208767706,False,0.13768968541386697,False,,False
65,BIZ1,H_OLD1,100-0001-001,202065,2,24685.0,SF100,H,6.293068185393789e-05,1.553443881564457,2.2411457842323443,5.021947488977707,8.0,False,stable,0.4884221520124921,False,0.14398233281499095,False,,False
66,BIZ1,H_OLD1,100-0001-001,202066,7,25060.0,SF100,H,6.293068185393789e-05,1.5770428872596836,2.275191952718758,9.746755536258949,8.0,True,stable,0.004029283926133775,False,0.017912028479117603,False,drift,True
67,BIZ1,H_OLD1,100-0001-001,202067,4,25434.0,SF100,H,6.293068185393789e-05,1.6005789622730564,2.3091473314225417,1.6908526685774583,8.0,False,stable,0.11001470653928626,False,0.0036549196712510872,False,,False
68,BIZ1,H_OLD1,100-0001-001,202068,0,25808.0,SF100,H,6.293068185393789e-05,1.624115037286429,2.3431027101263253,0.0,8.0,False,stable,1.0,False,0.4490186489293527,False,,False
69,BIZ1,H_OLD1,100-0001-001,202069,7,26182.0,SF100,H,6.293068185393789e-05,1.6476511122998019,2.377058088830109,4.622941911169891,8.0,False,stable,0.005011001256485182,False,0.09207663674295784,False,,False
70,BIZ1,H_OLD1,100-0001-001,202070,2,26557.0,SF100,H,6.293068185393789e-05,1.6712501179950285,2.4111042573165227,4.211837653853368,8.0,False,stable,0.5246498830204055,False,0.023924488208985455,False,,False
71,BIZ1,H_OLD1,100-0001-001,202071,4,26931.0,SF100,H,6.293068185393789e-05,1.6947861930084014,2.4450596360203063,5.7667780178330625,8.0,False,stable,0.12661368155046152,False,0.1838900361870424,False,,False
72,BIZ1,H_OLD1,100-0001-001,202072,2,27305.0,SF100,H,6.293068185393789e-05,1.718322268021774,2.4790150147240895,5.287763003108973,8.0,False,stable,0.5385486788735973,False,0.19084590197434173,False,,False
73,BIZ1,H_OLD1,100-0001-001,202073,2,27679.0,SF100,H,6.293068185393789e-05,1.7418583430351469,2.5129703934278735,4.774792609681099,8.0,False,stable,0.5453741022468153,False,0.49636503472508114,False,,False
74,BIZ1,H_OLD1,100-0001-001,202074,3,28054.0,SF100,H,6.293068185393789e-05,1.7654573487303735,2.5470165619142873,5.227776047766811,8.0,False,stable,0.3008001711473397,False,0.3356456281334093,False,,False
75,BIZ1,H_OLD1,100-0001-001,202075,2,28428.0,SF100,H,6.293068185393789e-05,1.7889934237437464,2.580971940618071,4.646804107148741,8.0,False,stable,0.5587948846206013,False,0.34441994941394966,False,,False
76,BIZ1,H_OLD1,100-0001-001,202076,2,28802.0,SF100,H,6.293068185393789e-05,1.8125294987571192,2.6149273193218545,4.031876787826887,8.0,False,stable,0.5653725625304717,False,0.5235944747056507,False,,False
77,BIZ1,H_OLD1,100-0001-001,202077,1,29176.0,SF100,H,6.293068185393789e-05,1.8360655737704918,2.6488826980256377,2.382994089801249,8.0,False,stable,0.8428941894751842,False,0.7153187365025232,False,,False
78,BIZ1,H_OLD1,100-0001-001,202078,3,29551.0,SF100,H,6.293068185393789e-05,1.8596645794657185,2.682928866512052,2.7000652232891973,8.0,False,stable,0.32654483223175557,False,0.5412081655357618,False,,False
79,BIZ1,H_OLD1,100-0001-001,202079,1,29925.0,SF100,H,6.293068185393789e-05,1.8832006544790914,2.7168842452158355,0.9831809780733618,8.0,False,stable,0.8496887830108456,False,0.5498548255149429,False,,False
80,BIZ1,H_OLD1,100-0001-001,202080,2,30299.0,SF100,H,6.293068185393789e-05,1.9067367294924642,2.750839623919619,0.23234135415374269,8.0,False,stable,0.5908805846357804,False,0.7358688256854611,False,,False
81,BIZ1,H_OLD1,100-0001-001,202081,3,30673.0,SF100,H,6.293068185393789e-05,1.9302728045058368,2.7847950026234023,0.4475463515303404,8.0,False,stable,0.3457220287454825,False,0.3965883097172348,False,,False
82,BIZ1,H_OLD1,100-0001-001,202082,2,31048.0,SF100,H,6.293068185393789e-05,1.9538718102010637,2.8188411711098165,0.0,8.0,False,stable,0.6031547916219596,False,0.4051800358721775,False,,False
83,BIZ1,H_OLD1,100-0001-001,202083,2,31422.0,SF100,H,6.293068185393789e-05,1.9774078852144363,2.8527965498136,0.0,8.0,False,stable,0.6091631299938625,False,0.5832816909622257,False,,False
84,BIZ1,H_OLD1,100-0001-001,202084,4,31796.0,SF100,H,6.293068185393789e-05,2.000943960227809,2.8867519285173837,1.1132480714826163,8.0,False,stable,0.18588744025593607,False,0.27905522404194266,False,,False
85,BIZ1,H_OLD1,100-0001-001,202085,7,32170.0,SF100,H,6.293068185393789e-05,2.024480035241182,2.9207073072211673,5.192540764261448,8.0,False,stable,0.013332408574973104,False,0.01540033226092483,False,,False
86,BIZ1,H_OLD1,100-0001-001,202086,3,32545.0,SF100,H,6.293068185393789e-05,2.0480790409364085,2.954753475707581,5.237787288553867,8.0,False,stable,0.3773613948284965,False,0.03224530749212265,False,,False
87,BIZ1,H_OLD1,100-0001-001,202087,1,32919.0,SF100,H,6.293068185393789e-05,2.0716151159497813,2.9887088544113647,3.2490784341425023,8.0,False,stable,0.8738506909138006,False,0.6148501657219592,False,,False
88,BIZ1,H_OLD1,100-0001-001,202088,5,33293.0,SF100,H,6.293068185393789e-05,2.095151190963154,3.0226642331151483,5.226414201027354,8.0,False,stable,0.09571327223155782,False,0.3095952599559465,False,,False
89,BIZ1,H_OLD1,100-0001-001,202089,6,33667.0,SF100,H,6.293068185393789e-05,2.118687265976527,3.056619611818932,8.169794589208422,8.0,True,stable,0.041971745340019254,False,0.01985866361721721,False,drift,True
90,BIZ1,H_OLD1,100-0001-001,202090,4,34042.0,SF100,H,6.293068185393789e-05,2.1422862716717535,3.0906657803053452,0.9093342196946548,8.0,False,stable,0.215307193846663,False,0.04009891754522441,False,,False
36,BIZ1,H_OLD2,100-0001-001,202036,1,13673.0,SF100,H,0.00016446932116614054,2.2487890283046394,3.2443167791406142,0.0,8.0,False,stable,0.8936475325165169,False,,False,,False
37,BIZ1,H_OLD2,100-0001-001,202037,3,14042.0,SF100,H,0.00016446932116614054,2.3094782078149456,3.331872757455753,0.0,8.0,False,stable,0.4224475568547346,False,0.6727912082915419,False,,False
38,BIZ1,H_OLD2,100-0001-001,202038,2,14412.0,SF100,H,0.00016446932116614054,2.3703318566464175,3.419666014844916,0.0,8.0,False,stable,0.690270327697517,False,0.518795612496869,False,,False
39,BIZ1,H_OLD2,100-0001-001,202039,1,14782.0,SF100,H,0.00016446932116614054,2.4311855054778895,3.507459272234079,0.0,8.0,False,stable,0.9107275763529294,False,0.8525452724714464,False,,False
40,BIZ1,H_OLD2,100-0001-001,202040,3,15152.0,SF100,H,0.00016446932116614054,2.4920391543093614,3.595252529623242,0.0,8.0,False,stable,0.46902307240724905,False,0.7253456637297848,False,,False
41,BIZ1,H_OLD2,100-0001-001,202041,2,15522.0,SF100,H,0.00016446932116614054,2.5528928031408333,3.683045787012405,0.0,8.0,False,stable,0.7270336895984056,False,0.5800066819641517,False,,False
42,BIZ1,H_OLD2,100-0001-001,202042,2,15892.0,SF100,H,0.00016446932116614054,2.6137464519723057,3.7708390444015687,0.0,8.0,False,stable,0.7383973406827752,False,0.7564795344862709,False,,False
43,BIZ1,H_OLD2,100-0001-001,202043,2,16262.0,SF100,H,0.00016446932116614054,2.6746001008037776,3.8586323017907316,0.0,8.0,False,stable,0.7493343506075647,False,0.7709165654934733,False,,False
44,BIZ1,H_OLD2,100-0001-001,202044,3,16632.0,SF100,H,0.00016446932116614054,2.7354537496352496,3.946425559179895,0.0,8.0,False,stable,0.5279439271481913,False,0.6362336220563715,False,,False
45,BIZ1,H_OLD2,100-0001-001,202045,7,17002.0,SF100,H,0.00016446932116614054,2.7963073984667215,4.034218816569058,2.965781183430942,8.0,False,stable,0.034318570802657856,False,0.08149316553175531,False,,False
46,BIZ1,H_OLD2,100-0001-001,202046,1,17372.0,SF100,H,0.00016446932116614054,2.8571610472981934,4.122012073958221,0.0,8.0,False,stable,0.9404671129387687,False,0.2459490379285397,False,,False
47,BIZ1,H_OLD2,100-0001-001,202047,4,17742.0,SF100,H,0.00016446932116614054,2.9180146961296654,4.2098053313473836,0.0,8.0,False,stable,0.3552187084568887,False,0.6870712665870403,False,,False
48,BIZ1,H_OLD2,100-0001-001,202048,2,18112.0,SF100,H,0.00016446932116614054,2.9788683449611377,4.297598588736547,0.0,8.0,False,stable,0.7980296621103884,False,0.5533783311070056,False,,False
49,BIZ1,H_OLD2,100-0001-001,202049,4,18482.0,SF100,H,0.00016446932116614054,3.0397219937926097,4.38539184612571,0.0,8.0,False,stable,0.3820413816927983,False,0.5714087795560466,False,,False
50,BIZ1,H_OLD2,100-0001-001,202050,0,18852.0,SF100,H,0.00016446932116614054,3.1005756426240816,4.473185103514873,0.0,8.0,False,stable,1.0,False,0.8528985077587624,False,,False
51,BIZ1,H_OLD2,100-0001-001,202051,3,19221.0,SF100,H,0.00016446932116614054,3.1612648221343873,4.560741081830011,0.0,8.0,False,stable,0.6206604099734343,False,0.9409438387578523,False,,False
52,BIZ1,H_OLD2,100-0001-001,202052,4,19591.0,SF100,H,0.00016446932116614054,3.2221184709658592,4.648534339219175,0.0,8.0,False,stable,0.4217768470428474,False,0.47880568943571583,False,,False
53,BIZ1,H_OLD2,100-0001-001,202053,1,19961.0,SF100,H,0.00016446932116614054,3.2829721197973316,4.736327596608338,0.0,8.0,False,stable,0.960091692807317,False,0.7723867519707356,False,,False
54,BIZ1,H_OLD2,100-0001-001,202054,2,20331.0,SF100,H,0.00016446932116614054,3.3438257686288035,4.824120853997502,0.0,8.0,False,stable,0.8448140815389573,False,0.9532651947941689,False,,False
55,BIZ1,H_OLD2,100-0001-001,202055,2,20701.0,SF100,H,0.00016446932116614054,3.4046794174602755,4.911914111386665,0.0,8.0,False,stable,0.8515407428283883,False,0.8941686584349212,False,,False
56,BIZ1,H_OLD2,100-0001-001,202056,1,21071.0,SF100,H,0.00016446932116614054,3.4655330662917474,4.9997073687758276,0.0,8.0,False,stable,0.9663291403957829,False,0.9600472772826459,False,,False
57,BIZ1,H_OLD2,100-0001-001,202057,4,21441.0,SF100,H,0.00016446932116614054,3.5263867151232193,5.08750062616499,0.0,8.0,False,stable,0.48599782767534394,False,0.8179033338542556,False,,False
58,BIZ1,H_OLD2,100-0001-001,202058,3,21811.0,SF100,H,0.00016446932116614054,3.5872403639546913,5.175293883554153,0.0,8.0,False,stable,0.6992518213861213,False,0.580794928533772,False,,False
59,BIZ1,H_OLD2,100-0001-001,202059,3,22181.0,SF100,H,0.00016446932116614054,3.648094012786163,5.263087140943316,0.0,8.0,False,stable,0.7093307351879875,False,0.7263975952939794,False,,False
60,BIZ1,H_OLD2,100-0001-001,202060,1,22551.0,SF100,H,0.00016446932116614054,3.7089476616176356,5.35088039833248,0.0,8.0,False,stable,0.9731188456900481,False,0.924484430771415,False,,False
61,BIZ1,H_OLD2,100-0001-001,202061,3,22921.0,SF100,H,0.00016446932116614054,3.7698013104491075,5.438673655721643,0.0,8.0,False,stable,0.7286540772861275,False,0.929469280101321,False,,False
62,BIZ1,H_OLD2,100-0001-001,202062,1,23291.0,SF100,H,0.00016446932116614054,3.8306549592805794,5.526466913110806,0.0,8.0,False,stable,0.9759673484878243,False,0.9341402263438002,False,,False
63,BIZ1,H_OLD2,100-0001-001,202063,2,23661.0,SF100,H,0.00016446932116614054,3.8915086081120513,5.6142601704999695,0.0,8.0,False,stable,0.8961599826670559,False,0.9769917464308157,False,,False
64,BIZ1,H_OLD2,100-0001-001,202064,3,24031.0,SF100,H,0.00016446932116614054,3.9523622569435233,5.702053427889132,0.0,8.0,False,stable,0.7556104635253738,False,0.8787723540475398,False,,False
65,BIZ1,H_OLD2,100-0001-001,202065,3,24401.0,SF100,H,0.00016446932116614054,4.013215905774995,5.789846685278295,0.0,8.0,False,stable,0.7640720789486912,False,0.7964943733703428,False,,False
66,BIZ1,H_OLD2,100-0001-001,202066,3,24770.0,SF100,H,0.00016446932116614054,4.073905085285301,5.877402663593434,0.0,8.0,False,stable,0.7722576505495604,False,0.8065833056208535,False,,False
67,BIZ1,H_OLD2,100-0001-001,202067,4,25140.0,SF100,H,0.00016446932116614054,4.134758734116773,5.965195920982597,0.0,8.0,False,stable,0.6027475437621412,False,0.7098150612174847,False,,False
68,BIZ1,H_OLD2,100-0001-001,202068,3,25510.0,SF100,H,0.00016446932116614054,4.195612382948245,6.05298917837176,0.0,8.0,False,stable,0.7879308075440606,False,0.7221680902807234,False,,False
69,BIZ1,H_OLD2,100-0001-001,202069,5,25880.0,SF100,H,0.00016446932116614054,4.256466031779717,6.140782435760923,0.0,8.0,False,stable,0.4426628340988929,False,0.6175298748695178,False,,False
70,BIZ1,H_OLD2,100-0001-001,202070,7,26250.0,SF100,H,0.00016446932116614054,4.317319680611189,6.228575693150086,0.771424306849914,8.0,False,stable,0.17564330526614205,False,0.20584966087584386,False,,False
71,BIZ1,H_OLD2,100-0001-001,202071,6,26620.0,SF100,H,0.00016446932116614054,4.378173329442661,6.316368950539249,0.4550553563106652,8.0,False,stable,0.30537499645358585,False,0.14866506665809648,False,,False
72,BIZ1,H_OLD2,100-0001-001,202072,2,26990.0,SF100,H,0.00016446932116614054,4.439026978274133,6.404162207928412,0.0,8.0,False,stable,0.9308417678431536,False,0.658154348666011,False,,False
73,BIZ1,H_OLD2,100-0001-001,202073,1,27360.0,SF100,H,0.00016446932116614054,4.499880627105605,6.4919554653175755,0.0,8.0,False,stable,0.9869288548690442,False,0.9895741312401654,False,,False
74,BIZ1,H_OLD2,100-0001-001,202074,3,27730.0,SF100,H,0.00016446932116614054,4.560734275937078,6.579748722706739,0.0,8.0,False,stable,0.8293756498854121,False,0.9714476177366195,False,,False
75,BIZ1,H_OLD2,100-0001-001,202075,5,28100.0,SF100,H,0.00016446932116614054,4.62158792476855,6.667541980095902,0.0,8.0,False,stable,0.5086211381075838,False,0.6957758939267783,False,,False
76,BIZ1,H_OLD2,100-0001-001,202076,4,28470.0,SF100,H,0.00016446932116614054,4.682441573600022,6.755335237485066,0.0,8.0,False,stable,0.6914790945163602,False,0.5959374326076647,False,,False
77,BIZ1,H_OLD2,100-0001-001,202077,3,28840.0,SF100,H,0.00016446932116614054,4.7432952224314935,6.843128494874229,0.0,8.0,False,stable,0.8472232085002255,False,0.8158015424210392,False,,False
78,BIZ1,H_OLD2,100-0001-001,202078,0,29210.0,SF100,H,0.00016446932116614054,4.804148871262965,6.930921752263392,0.0,8.0,False,stable,1.0,False,0.992980028883316,False,,False
79,BIZ1,H_OLD2,100-0001-001,202079,5,29580.0,SF100,H,0.00016446932116614054,4.865002520094437,7.018715009652555,0.0,8.0,False,stable,0.550425697129712,False,0.9517255184200764,False,,False
80,BIZ1,H_OLD2,100-0001-001,202080,2,29949.0,SF100,H,0.00016446932116614054,4.9256916996047435,7.106270987967694,0.0,8.0,False,stable,0.9519168483952194,False,0.8404658489554908,False,,False
81,BIZ1,H_OLD2,100-0001-001,202081,5,30319.0,SF100,H,0.00016446932116614054,4.986545348436215,7.194064245356857,0.0,8.0,False,stable,0.5705375900708983,False,0.8480237016904385,False,,False
82,BIZ1,H_OLD2,100-0001-001,202082,5,30689.0,SF100,H,0.00016446932116614054,5.047398997267687,7.2818575027460195,0.0,8.0,False,stable,0.5804039766693857,False,0.563613092653254,False,,False
83,BIZ1,H_OLD2,100-0001-001,202083,4,31059.0,SF100,H,0.00016446932116614054,5.108252646099159,7.369650760135182,0.0,8.0,False,stable,0.7492895877979139,False,0.6836391450458411,False,,False
84,BIZ1,H_OLD2,100-0001-001,202084,5,31429.0,SF100,H,0.00016446932116614054,5.169106294930631,7.457444017524345,0.0,8.0,False,stable,0.5997158817533641,False,0.6950283303807261,False,,False
85,BIZ1,H_OLD2,100-0001-001,202085,2,31799.0,SF100,H,0.00016446932116614054,5.229959943762103,7.545237274913508,0.0,8.0,False,stable,0.9617097107169268,False,0.8752512641037393,False,,False
86,BIZ1,H_OLD2,100-0001-001,202086,2,32169.0,SF100,H,0.00016446932116614054,5.290813592593575,7.633030532302671,0.0,8.0,False,stable,0.9634153079703242,False,0.9878011244528916,False,,False
87,BIZ1,H_OLD2,100-0001-001,202087,3,32539.0,SF100,H,0.00016446932116614054,5.351667241425047,7.720823789691835,0.0,8.0,False,stable,0.8950029541838678,False,0.970961335085231,False,,False
88,BIZ1,H_OLD2,100-0001-001,202088,6,32909.0,SF100,H,0.00016446932116614054,5.412520890256519,7.808617047080998,0.0,8.0,False,stable,0.4778773013851439,False,0.7376435729430233,False,,False
89,BIZ1,H_OLD2,100-0001-001,202089,4,33279.0,SF100,H,0.00016446932116614054,5.473374539087991,7.896410304470161,0.0,8.0,False,stable,0.7914786846130698,False,0.6504167025357467,False,,False
90,BIZ1,H_OLD2,100-0001-001,202090,2,33649.0,SF100,H,0.00016446932116614054,5.534228187919463,7.9842035618593235,0.0,8.0,False,stable,0.9695113940440995,False,0.9481722492646879,False,,False
0,BIZ1,L_NEW_OK,100-0001-001,202000,0,240.0,SF100,L,0.0006937218175511621,0.1664932362122789,0.24019896622500958,0.0,6.0,False,earlylife,1.0,False,,False,,False
1,BIZ1,L_NEW_OK,100-0001-001,202001,0,1273.0,SF100,L,0.00046248121170077474,0.5887385824950863,0.8493702333456589,0.0,6.0,False,earlylife,1.0,False,1.0,False,,False
2,BIZ1,L_NEW_OK,100-0001-001,202002,1,2306.0,SF100,L,7.392014699800688e-06,0.01704598589774039,0.024592159321733264,0.9754078406782667,6.0,False,earlylife,0.01690152507052367,False,0.4543538380721166,False,,False
3,BIZ1,L_NEW_OK,100-0001-001,202003,1,3339.0,SF100,L,8.623291510369507e-05,0.28793170353123787,0.41539764079922814,1.5600101998790386,6.0,False,earlylife,0.25018719994315863,False,0.03804898062519413,False,,False
4,BIZ1,L_NEW_OK,100-0001-001,202004,0,4372.0,SF100,L,0.00023035925213283945,1.0071306503247741,1.4529823947508282,0.10702780512821031,6.0,False,earlylife,1.0,False,0.7261192137241022,False,,False
5,BIZ1,L_NEW_OK,100-0001-001,202005,0,5405.0,SF100,L,0.00029181451270314426,1.5772574411604947,2.275501488567462,0.0,6.0,False,earlylife,1.0,False,1.0,False,,False
6,BIZ1,L_NEW_OK,100-0001-001,202006,0,6438.0,SF100,L,0.0002055815975994492,1.323534325345254,1.909456407621918,0.0,6.0,False,earlylife,1.0,False,1.0,False,,False
7,BIZ1,L_NEW_OK,100-0001-001,202007,1,7471.0,SF100,L,0.00010918340108195049,0.8157091894832521,1.1768196024750437,0.0,6.0,False,earlylife,0.557674476508133,False,0.8822561191604721,False,,False
8,BIZ1,L_NEW_OK,100-0001-001,202008,1,8504.0,SF100,L,9.231079117314074e-05,0.7850109681363889,1.1325314307738124,0.0,6.0,False,earlylife,0.5438853009700242,False,0.4753016575014771,False,,False
9,BIZ1,L_NEW_OK,100-0001-001,202009,0,9537.0,SF100,L,0.00017237850558304165,1.6439738077454682,2.371752859785733,0.0,6.0,False,earlylife,1.0,False,0.9118737449176461,False,,False
10,BIZ1,L_NEW_OK,100-0001-001,202010,1,10570.0,SF100,L,0.000124650365071396,1.3175543588046559,1.900829139549115,0.0,6.0,False,earlylife,0.7322105813936614,False,0.9482602102877932,False,,False
11,BIZ1,L_NEW_OK,100-0001-001,202011,1,11603.0,SF100,L,8.006771440990094e-05,0.9290256902980806,1.3403007562514868,0.0,6.0,False,earlylife,0.605061684788767,False,0.656640714137795,False,,False
12,BIZ1,L_NEW_OK,100-0001-001,202012,6,12637.0,SF100,L,6.288299810814001e-05,0.7946524470925653,1.1464411446507234,4.853558855349276,6.0,False,earlylife,0.00017787273377656287,True,0.00202449182950315,True,spike+burst,True
13,BIZ1,L_NEW_OK,100-0001-001,202013,0,13670.0,SF100,L,0.00012030688070091035,1.6445950591814444,2.372649136151561,2.480909719197715,6.0,False,earlylife,1.0,False,0.03808546291807391,False,,False
14,BIZ1,L_NEW_OK,100-0001-001,202014,3,14703.0,SF100,L,0.00012030688070091035,1.768872066945485,2.5519429589492617,2.9289667602484535,6.0,False,earlylife,0.2610585797364928,False,0.6628506838597856,False,,False
15,BIZ1,L_NEW_OK,100-0001-001,202015,3,15736.0,SF100,L,8.246441695777369e-05,1.2976600652475268,1.8721277408922556,4.056839019356198,6.0,False,earlylife,0.14234898873250768,False,0.09077380550046643,False,,False
16,BIZ1,L_NEW_OK,100-0001-001,202016,2,16769.0,SF100,L,7.392014699800688e-05,1.2395669450095772,1.7883170844151994,4.268521934940998,6.0,False,earlylife,0.35162394940022457,False,0.11385079937821152,False,,False
17,BIZ1,L_NEW_OK,100-0001-001,202017,3,17802.0,SF100,L,7.392014699800688e-05,1.3159264568585185,1.898480573484369,5.370041361456629,6.0,False,earlylife,0.14657079272706441,False,0.11635834552070967,False,,False
18,BIZ1,L_NEW_OK,100-0001-001,202018,2,18835.0,SF100,L,7.112853356033854e-05,1.3397059296089764,1.932787100896409,5.43725426056022,6.0,False,earlylife,0.38717795025541824,False,0.13056074306884635,False,,False
19,BIZ1,L_NEW_OK,100-0001-001,202019,2,19868.0,SF100,L,4.2651254954347716e-05,0.8473951334329805,1.2225327566772024,6.214721503883018,6.0,True,earlylife,0.2083362398194073,False,0.1781171313385541,False,drift,True
20,BIZ1,L_NEW_OK,100-0001-001,202020,5,20901.0,SF100,L,6.198921973024487e-05,1.295636681581848,1.8692086153119651,3.1307913846880346,6.0,False,earlylife,0.010522161140717468,False,0.006515307895525901,False,,False
21,BIZ1,L_NEW_OK,100-0001-001,202021,5,21934.0,SF100,L,5.8235698072341584e-05,1.2773418015187403,1.8428146825712612,6.287976702116773,6.0,True,earlylife,0.009945341435470545,False,0.0003466047557638685,True,drift+burst,True
22,BIZ1,L_NEW_OK,100-0001-001,202022,2,22967.0,SF100,L,5.636655467309439e-05,1.294570661176959,1.8676706729603452,0.13232932703965483,6.0,False,earlylife,0.37125210840710265,False,0.016291369834102176,False,,False
23,BIZ1,L_NEW_OK,100-0001-001,202023,0,24000.0,SF100,L,3.702858989719723e-05,0.8886861575327335,1.2821031123791429,0.0,6.0,False,earlylife,1.0,False,0.6413298048440325,False,,False
36,BIZ1,L_OLD0,100-0001-001,202036,2,9890.0,SF100,L,9.534566470596864e-05,0.9429686239420298,1.3604161574750564,0.6395838425249436,8.0,False,stable,0.26960044932908145,False,,False,,False
37,BIZ1,L_OLD0,100-0001-001,202037,1,10158.0,SF100,L,9.534566470596864e-05,0.9685212620832294,1.397280821802995,0.24230302072194854,8.0,False,stable,0.634320286861927,False,0.3376982818539513,False,,False
38,BIZ1,L_OLD0,100-0001-001,202038,0,10426.0,SF100,L,9.534566470596864e-05,0.9940739002244291,1.4341454861309342,0.0,8.0,False,stable,1.0,False,0.860327799722594,False,,False
39,BIZ1,L_OLD0,100-0001-001,202039,1,10693.0,SF100,L,9.534566470596864e-05,1.0195311927009227,1.4708725957412314,0.0,8.0,False,stable,0.6525134054902877,False,0.8668267201276303,False,,False
40,BIZ1,L_OLD0,100-0001-001,202040,2,10961.0,SF100,L,9.534566470596864e-05,1.0450838308421222,1.50773726006917,0.4922627399308299,8.0,False,stable,0.3083850579180487,False,0.3788676490980365,False,,False
41,BIZ1,L_OLD0,100-0001-001,202041,1,11228.0,SF100,L,9.534566470596864e-05,1.070541123318616,1.5444643696794675,0.0,8.0,False,stable,0.6697401836801818,False,0.392379688887472,False,,False
42,BIZ1,L_OLD0,100-0001-001,202042,1,11496.0,SF100,L,9.534566470596864e-05,1.0960937614598154,1.5813290340074062,0.0,8.0,False,stable,0.6780236189308939,False,0.6533626941774658,False,,False
43,BIZ1,L_OLD0,100-0001-001,202043,2,11764.0,SF100,L,9.534566470596864e-05,1.121646399601015,1.618193698335345,0.3818063016646549,8.0,False,stable,0.33701612323039537,False,0.41904815171310517,False,,False
44,BIZ1,L_OLD0,100-0001-001,202044,0,12031.0,SF100,L,9.534566470596864e-05,1.1471036920775086,1.6549208079456423,0.0,8.0,False,stable,1.0,False,0.6760028703516694,False,,False
45,BIZ1,L_OLD0,100-0001-001,202045,1,12299.0,SF100,L,9.534566470596864e-05,1.1726563302187083,1.6917854722735812,0.0,8.0,False,stable,0.7015377927871297,False,0.8996125413550118,False,,False
46,BIZ1,L_OLD0,100-0001-001,202046,1,12566.0,SF100,L,9.534566470596864e-05,1.198113622695202,1.7285125818838787,0.0,8.0,False,stable,0.7089431202598503,False,0.6972632633056957,False,,False
47,BIZ1,L_OLD0,100-0001-001,202047,1,12834.0,SF100,L,9.534566470596864e-05,1.2236662608364015,1.7653772462118174,0.0,8.0,False,stable,0.7161785713833295,False,0.7074019166078381,False,,False
48,BIZ1,L_OLD0,100-0001-001,202048,0,13102.0,SF100,L,9.534566470596864e-05,1.2492188989776012,1.8022419105397562,0.0,8.0,False,stable,1.0,False,0.9126609021925359,False,,False
49,BIZ1,L_OLD0,100-0001-001,202049,1,13369.0,SF100,L,9.534566470596864e-05,1.2746761914540947,1.8389690201500535,0.0,8.0,False,stable,0.7300525582108714,False,0.9165940286930976,False,,False
50,BIZ1,L_OLD0,100-0001-001,202050,3,13637.0,SF100,L,9.534566470596864e-05,1.3002288295952944,1.8758336844779924,1.1241663155220076,8.0,False,stable,0.1730677926160018,False,0.30575889821332036,False,,False
51,BIZ1,L_OLD0,100-0001-001,202051,0,13904.0,SF100,L,9.534566470596864e-05,1.325686122071788,1.9125607940882894,0.0,8.0,False,stable,1.0,False,0.5192218341492164,False,,False
52,BIZ1,L_OLD0,100-0001-001,202052,2,14172.0,SF100,L,9.534566470596864e-05,1.3512387602129876,1.9494254584162285,0.050574541583771504,8.0,False,stable,0.4193688014594089,False,0.7534933226124737,False,,False
53,BIZ1,L_OLD0,100-0001-001,202053,1,14440.0,SF100,L,9.534566470596864e-05,1.3767913983541873,1.9862901227441674,0.0,8.0,False,stable,0.7556910745589673,False,0.5424181465539015,False,,False
54,BIZ1,L_OLD0,100-0001-001,202054,3,14707.0,SF100,L,9.534566470596864e-05,1.4022486908306808,2.0230172323544644,0.9769827676455356,8.0,False,stable,0.19957543997134924,False,0.3506038668501233,False,,False
55,BIZ1,L_OLD0,100-0001-001,202055,4,14975.0,SF100,L,9.534566470596864e-05,1.4278013289718805,2.0598818966824033,2.9171008709631328,8.0,False,stable,0.0801486701240877,False,0.05198103340759241,False,,False
56,BIZ1,L_OLD0,100-0001-001,202056,2,15242.0,SF100,L,9.534566470596864e-05,1.453258621448374,2.0966090062927005,2.820491864670432,8.0,False,stable,0.4538831426685494,False,0.11434635172889696,False,,False
57,BIZ1,L_OLD0,100-0001-001,202057,0,15510.0,SF100,L,9.534566470596864e-05,1.4788112595895737,2.1334736706206394,0.6870181940497924,8.0,False,stable,1.0,False,0.7925782342998975,False,,False
58,BIZ1,L_OLD0,100-0001-001,202058,1,15778.0,SF100,L,9.534566470596864e-05,1.5043638977307732,2.1703383349485783,0.0,8.0,False,stable,0.7841135862981939,False,0.9445471197742032,False,,False
59,BIZ1,L_OLD0,100-0001-001,202059,0,16045.0,SF100,L,9.534566470596864e-05,1.529821190207267,2.2070654445588755,0.0,8.0,False,stable,1.0,False,0.9469664819786947,False,,False
60,BIZ1,L_OLD0,100-0001-001,202060,4,16313.0,SF100,L,9.534566470596864e-05,1.5553738283484664,2.2439301088868144,1.7560698911131856,8.0,False,stable,0.10011334823472372,False,0.4166661315911924,False,,False
61,BIZ1,L_OLD0,100-0001-001,202061,1,16580.0,SF100,L,9.534566470596864e-05,1.5808311208249601,2.2806572184971117,0.4754126726160739,8.0,False,stable,0.7994350617896785,False,0.2626235808170432,False,,False
62,BIZ1,L_OLD0,100-0001-001,202062,0,16848.0,SF100,L,9.534566470596864e-05,1.6063837589661596,2.3175218828250506,0.0,8.0,False,stable,1.0,False,0.9535701707879009,False,,False
63,BIZ1,L_OLD0,100-0001-001,202063,1,17116.0,SF100,L,9.534566470596864e-05,1.6319363971073593,2.3543865471529895,0.0,8.0,False,stable,0.8090227360540849,False,0.9555745806548339,False,,False
64,BIZ1,L_OLD0,100-0001-001,202064,1,17383.0,SF100,L,9.534566470596864e-05,1.6573936895838528,2.3911136567632867,0.0,8.0,False,stable,0.8136143848348871,False,0.8372859585594834,False,,False
65,BIZ1,L_OLD0,100-0001-001,202065,1,17651.0,SF100,L,9.534566470596864e-05,1.6829463277250525,2.4279783210912256,0.0,8.0,False,stable,0.8181044917982508,False,0.8428352833038585,False,,False
66,BIZ1,L_OLD0,100-0001-001,202066,1,17918.0,SF100,L,9.534566470596864e-05,1.708403620201546,2.464705430701523,0.0,8.0,False,stable,0.8224627920040105,False,0.8481954784543915,False,,False
67,BIZ1,L_OLD0,100-0001-001,202067,1,18186.0,SF100,L,9.534566470596864e-05,1.7339562583427457,2.5015700950294617,0.0,8.0,False,stable,0.8267250965760752,False,0.8533726051767597,False,,False
68,BIZ1,L_OLD0,100-0001-001,202068,0,18454.0,SF100,L,9.534566470596864e-05,1.7595088964839454,2.5384347593574006,0.0,8.0,False,stable,1.0,False,0.9642858572372892,False,,False
69,BIZ1,L_OLD0,100-0001-001,202069,2,18721.0,SF100,L,9.534566470596864e-05,1.784966188960439,2.575161868967698,0.0,8.0,False,stable,0.5558736429446982,False,0.8632100106429798,False,,False
70,BIZ1,L_OLD0,100-0001-001,202070,2,18989.0,SF100,L,9.534566470596864e-05,1.8105188271016386,2.6120265332956367,0.0,8.0,False,stable,0.5630592335062237,False,0.5198413807693634,False,,False
71,BIZ1,L_OLD0,100-0001-001,202071,1,19256.0,SF100,L,9.534566470596864e-05,1.8359761195781321,2.648753642905934,0.0,8.0,False,stable,0.8426810011987133,False,0.7142561531575343,False,,False
72,BIZ1,L_OLD0,100-0001-001,202072,2,19524.0,SF100,L,9.534566470596864e-05,1.8615287577193318,2.685618307233873,0.0,8.0,False,stable,0.5771158823602547,False,0.7219155029187504,False,,False
73,BIZ1,L_OLD0,100-0001-001,202073,1,19791.0,SF100,L,9.534566470596864e-05,1.8869860501958253,2.72234541684417,0.0,8.0,False,stable,0.8500619037025754,False,0.7293906653083124,False,,False
74,BIZ1,L_OLD0,100-0001-001,202074,1,20059.0,SF100,L,9.534566470596864e-05,1.912538688337025,2.759210081172109,0.0,8.0,False,stable,0.8536189814267133,False,0.8849714073701367,False,,False
75,BIZ1,L_OLD0,100-0001-001,202075,1,20327.0,SF100,L,9.534566470596864e-05,1.9380913264782247,2.796074745500048,0.0,8.0,False,stable,0.857085797912987,False,0.8888910004347558,False,,False
76,BIZ1,L_OLD0,100-0001-001,202076,1,20594.0,SF100,L,9.534566470596864e-05,1.9635486189547182,2.832801855110345,0.0,8.0,False,stable,0.8604523442068418,False,0.892667886995979,False,,False
77,BIZ1,L_OLD0,100-0001-001,202077,0,20862.0,SF100,L,9.534566470596864e-05,1.989101257095918,2.869666519438284,0.0,8.0,False,stable,1.0,False,0.9756846438093817,False,,False
78,BIZ1,L_OLD0,100-0001-001,202078,1,21129.0,SF100,L,9.534566470596864e-05,2.0145585495724116,2.9063936290485812,0.0,8.0,False,stable,0.8669450663124778,False,0.9766861913114234,False,,False
79,BIZ1,L_OLD0,100-0001-001,202079,3,21397.0,SF100,L,9.534566470596864e-05,2.040111187713611,2.9432582933765197,0.056741706623480326,8.0,False,stable,0.37233672046866095,False,0.6023110046349112,False,,False
80,BIZ1,L_OLD0,100-0001-001,202080,1,21665.0,SF100,L,9.534566470596864e-05,2.0656638258548106,2.9801229577044586,0.0,8.0,False,stable,0.8731264421149696,False,0.6108121402612243,False,,False
81,BIZ1,L_OLD0,100-0001-001,202081,0,21932.0,SF100,L,9.534566470596864e-05,2.091121118331304,3.016850067314756,0.0,8.0,False,stable,1.0,False,0.9794361594922792,False,,False
82,BIZ1,L_OLD0,100-0001-001,202082,1,22200.0,SF100,L,9.534566470596864e-05,2.1166737564725038,3.0537147316426947,0.0,8.0,False,stable,0.8789904719320147,False,0.980273326954391,False,,False
83,BIZ1,L_OLD0,100-0001-001,202083,2,22467.0,SF100,L,9.534566470596864e-05,2.1421310489489973,3.090441841252992,0.0,8.0,False,stable,0.6477214707988564,False,0.7946873799965887,False,,False
84,BIZ1,L_OLD0,100-0001-001,202084,3,22735.0,SF100,L,9.534566470596864e-05,2.167683687090197,3.127306505580931,0.0,8.0,False,stable,0.4060426865428937,False,0.47727675405762116,False,,False
85,BIZ1,L_OLD0,100-0001-001,202085,0,23003.0,SF100,L,9.534566470596864e-05,2.1932363252313967,3.1641711699088697,0.0,8.0,False,stable,1.0,False,0.8058452937948439,False,,False
86,BIZ1,L_OLD0,100-0001-001,202086,1,23270.0,SF100,L,9.534566470596864e-05,2.21869361770789,3.200898279519167,0.0,8.0,False,stable,0.8898654206464758,False,0.983275614217954,False,,False
87,BIZ1,L_OLD0,100-0001-001,202087,2,23538.0,SF100,L,9.534566470596864e-05,2.24424625584909,3.237762943847106,0.0,8.0,False,stable,0.6706962245292982,False,0.8164159852158972,False,,False
88,BIZ1,L_OLD0,100-0001-001,202088,0,23805.0,SF100,L,9.534566470596864e-05,2.2697035483255834,3.274490053457403,0.0,8.0,False,stable,1.0,False,0.9289819541267534,False,,False
89,BIZ1,L_OLD0,100-0001-001,202089,0,24073.0,SF100,L,9.534566470596864e-05,2.295256186466783,3.311354717785342,0.0,8.0,False,stable,1.0,False,1.0,False,,False
90,BIZ1,L_OLD0,100-0001-001,202090,3,24341.0,SF100,L,9.534566470596864e-05,2.3208088246079828,3.348219382113281,0.0,8.0,False,stable,0.44537832812332195,False,0.8312543644131433,False,,False
36,BIZ1,L_OLD1,100-0001-001,202036,1,10160.0,SF100,L,5.711511551532113e-05,0.5802895736356627,0.8371808901637415,0.16281910983625847,8.0,False,stable,0.46753339118935494,False,,False,,False
37,BIZ1,L_OLD1,100-0001-001,202037,0,10435.0,SF100,L,5.711511551532113e-05,0.5959962304023759,0.8598408059900238,0.0,8.0,False,stable,1.0,False,0.7090572775176133,False,,False
38,BIZ1,L_OLD1,100-0001-001,202038,1,10710.0,SF100,L,5.711511551532113e-05,0.6117028871690893,0.8825007218163062,0.11749927818369377,8.0,False,stable,0.48476122050516085,False,0.717869648948971,False,,False
39,BIZ1,L_OLD1,100-0001-001,202039,0,10985.0,SF100,L,5.711511551532113e-05,0.6274095439358026,0.9051606376425887,0.0,8.0,False,stable,1.0,False,0.7263864416481779,False,,False
40,BIZ1,L_OLD1,100-0001-001,202040,0,11260.0,SF100,L,5.711511551532113e-05,0.643116200702516,0.927820553468871,0.0,8.0,False,stable,1.0,False,1.0,False,,False
41,BIZ1,L_OLD1,100-0001-001,202041,0,11535.0,SF100,L,5.711511551532113e-05,0.6588228574692292,0.9504804692951534,0.0,8.0,False,stable,1.0,False,1.0,False,,False
42,BIZ1,L_OLD1,100-0001-001,202042,1,11810.0,SF100,L,5.711511551532113e-05,0.6745295142359425,0.9731403851214357,0.026859614878564253,8.0,False,stable,0.5173897718206434,False,0.7502698831554125,False,,False
43,BIZ1,L_OLD1,100-0001-001,202043,2,12085.0,SF100,L,5.711511551532113e-05,0.6902361710026559,0.9958003009477182,1.0310593139308457,8.0,False,stable,0.185766079667993,False,0.20835320376661,False,,False
44,BIZ1,L_OLD1,100-0001-001,202044,2,12360.0,SF100,L,5.711511551532113e-05,0.7059428277693691,1.0184602167740004,2.012599097156845,8.0,False,stable,0.19190901965766086,False,0.08965817478008908,False,,False
45,BIZ1,L_OLD1,100-0001-001,202045,0,12635.0,SF100,L,5.711511551532113e-05,0.7216494845360825,1.0411201326002828,0.9714789645565622,8.0,False,stable,1.0,False,0.4609393166863786,False,,False
46,BIZ1,L_OLD1,100-0001-001,202046,0,12909.0,SF100,L,5.711511551532113e-05,0.7372990261872805,1.0636976487326515,0.0,8.0,False,stable,1.0,False,1.0,False,,False
47,BIZ1,L_OLD1,100-0001-001,202047,1,13184.0,SF100,L,5.711511551532113e-05,0.7530056829539937,1.0863575645589338,0.0,8.0,False,stable,0.5549641583176741,False,0.7850742393619918,False,,False
48,BIZ1,L_OLD1,100-0001-001,202048,1,13459.0,SF100,L,5.711511551532113e-05,0.7687123397207071,1.1090174803852162,0.0,8.0,False,stable,0.5620873663952974,False,0.49129477917361725,False,,False
49,BIZ1,L_OLD1,100-0001-001,202049,2,13734.0,SF100,L,5.711511551532113e-05,0.7844189964874204,1.1316773962114988,0.8683226037885012,8.0,False,stable,0.22277010050233817,False,0.26021786574354894,False,,False
50,BIZ1,L_OLD1,100-0001-001,202050,2,14009.0,SF100,L,5.711511551532113e-05,0.8001256532541337,1.154337312037781,1.7139852917507201,8.0,False,stable,0.2289629669271527,False,0.12232954711076031,False,,False
51,BIZ1,L_OLD1,100-0001-001,202051,2,14284.0,SF100,L,5.711511551532113e-05,0.815832310020847,1.1769972278640635,2.536988063886657,8.0,False,stable,0.23515582373817437,False,0.12814342638798487,False,,False
52,BIZ1,L_OLD1,100-0001-001,202052,0,14559.0,SF100,L,5.711511551532113e-05,0.8315389667875603,1.1996571436903458,1.337330920196311,8.0,False,stable,1.0,False,0.5296514430130126,False,,False
53,BIZ1,L_OLD1,100-0001-001,202053,3,14834.0,SF100,L,5.711511551532113e-05,0.8472456235542736,1.222317059516628,3.115013860679683,8.0,False,stable,0.08074996748036571,False,0.2950802016313732,False,,False
54,BIZ1,L_OLD1,100-0001-001,202054,0,15109.0,SF100,L,5.711511551532113e-05,0.8629522803209869,1.2449769753429105,1.8700368853367724,8.0,False,stable,1.0,False,0.3037757528372312,False,,False
55,BIZ1,L_OLD1,100-0001-001,202055,2,15384.0,SF100,L,5.711511551532113e-05,0.8786589370877003,1.2676368911691929,2.6023999941675795,8.0,False,stable,0.259886006212699,False,0.5567884491301197,False,,False
56,BIZ1,L_OLD1,100-0001-001,202056,2,15659.0,SF100,L,5.711511551532113e-05,0.8943655938544136,1.2902968069954752,3.312103187172104,8.0,False,stable,0.2660487072296421,False,0.15851933342609642,False,,False
57,BIZ1,L_OLD1,100-0001-001,202057,1,15933.0,SF100,L,5.711511551532113e-05,0.9100151355056115,1.312874323127844,2.99922886404426,8.0,False,stable,0.6207689339055683,False,0.32971998052415175,False,,False
58,BIZ1,L_OLD1,100-0001-001,202058,2,16208.0,SF100,L,5.711511551532113e-05,0.9257217922723249,1.3355342389541263,3.6636946250901343,8.0,False,stable,0.27831578666033663,False,0.33830086400231285,False,,False
59,BIZ1,L_OLD1,100-0001-001,202059,3,16483.0,SF100,L,5.711511551532113e-05,0.9414284490390382,1.3581941547804086,5.305500470309726,8.0,False,stable,0.10115679984532382,False,0.0815299957801681,False,,False
60,BIZ1,L_OLD1,100-0001-001,202060,1,16758.0,SF100,L,5.711511551532113e-05,0.9571351058057515,1.380854070606691,4.924646399703034,8.0,False,stable,0.6383505923888932,False,0.1841061030569141,False,,False
61,BIZ1,L_OLD1,100-0001-001,202061,0,17033.0,SF100,L,5.711511551532113e-05,0.9728417625724648,1.4035139864329733,3.521132413270061,8.0,False,stable,1.0,False,0.8570198489431551,False,,False
62,BIZ1,L_OLD1,100-0001-001,202062,3,17308.0,SF100,L,5.711511551532113e-05,0.9885484193391781,1.4261739022592559,5.094958511010805,8.0,False,stable,0.11197135995417733,False,0.37229911754926115,False,,False
63,BIZ1,L_OLD1,100-0001-001,202063,0,17583.0,SF100,L,5.711511551532113e-05,1.0042550761058915,1.4488338180855382,3.646124692925267,8.0,False,stable,1.0,False,0.3806846015049663,False,,False
64,BIZ1,L_OLD1,100-0001-001,202064,2,17858.0,SF100,L,5.711511551532113e-05,1.0199617328726047,1.4714937339118206,4.174630959013446,8.0,False,stable,0.3147876390750307,False,0.6299985686978659,False,,False
65,BIZ1,L_OLD1,100-0001-001,202065,0,18133.0,SF100,L,5.711511551532113e-05,1.035668389639318,1.4941536497381027,2.6804773092753433,8.0,False,stable,1.0,False,0.6374074014846307,False,,False
66,BIZ1,L_OLD1,100-0001-001,202066,3,18408.0,SF100,L,5.711511551532113e-05,1.0513750464060314,1.5168135655643853,4.163663743710957,8.0,False,stable,0.12693963843695408,False,0.4055194946940605,False,,False
67,BIZ1,L_OLD1,100-0001-001,202067,2,18683.0,SF100,L,5.711511551532113e-05,1.0670817031727446,1.5394734813906676,4.6241902623202895,8.0,False,stable,0.33273566235122604,False,0.11606242815704382,False,,False
68,BIZ1,L_OLD1,100-0001-001,202068,1,18957.0,SF100,L,5.711511551532113e-05,1.0827312448239426,1.5620509975230361,4.062139264797254,8.0,False,stable,0.6809478252360783,False,0.421768075368359,False,,False
69,BIZ1,L_OLD1,100-0001-001,202069,2,19232.0,SF100,L,5.711511551532113e-05,1.098437901590656,1.5847109133493187,4.477428351447935,8.0,False,stable,0.34455247812654305,False,0.4297905171883306,False,,False
70,BIZ1,L_OLD1,100-0001-001,202070,3,19507.0,SF100,L,5.711511551532113e-05,1.1141445583573693,1.607370829175601,5.870057522272335,8.0,False,stable,0.14244645306417755,False,0.13026677974178952,False,,False
71,BIZ1,L_OLD1,100-0001-001,202071,1,19782.0,SF100,L,5.711511551532113e-05,1.1298512151240825,1.6300307450018832,5.240026777270452,8.0,False,stable,0.6954654424517756,False,0.2582838383923086,False,,False
72,BIZ1,L_OLD1,100-0001-001,202072,4,20057.0,SF100,L,5.711511551532113e-05,1.145557871890796,1.6526906608281657,7.587336116442286,8.0,False,stable,0.05315449164115433,False,0.14008389736899557,False,,False
73,BIZ1,L_OLD1,100-0001-001,202073,1,20332.0,SF100,L,5.711511551532113e-05,1.1612645286575092,1.675350576654448,6.911985539787837,8.0,False,stable,0.7047356104105795,False,0.14508628371788365,False,,False
74,BIZ1,L_OLD1,100-0001-001,202074,1,20607.0,SF100,L,5.711511551532113e-05,1.1769711854242224,1.6980104924807304,6.213975047307107,8.0,False,stable,0.709252780419251,False,0.6979831706827577,False,,False
75,BIZ1,L_OLD1,100-0001-001,202075,1,20882.0,SF100,L,5.711511551532113e-05,1.1926778421909359,1.720670408307013,5.493304639000094,8.0,False,stable,0.7136932953650232,False,0.7040757986320734,False,,False
76,BIZ1,L_OLD1,100-0001-001,202076,2,21157.0,SF100,L,5.711511551532113e-05,1.208384498957649,1.7433303241332951,5.749974314866799,8.0,False,stable,0.3850747977110082,False,0.4841170408702,False,,False
77,BIZ1,L_OLD1,100-0001-001,202077,1,21432.0,SF100,L,5.711511551532113e-05,1.2240911557243623,1.7659902399595775,4.983984074907221,8.0,False,stable,0.722350044952563,False,0.49158497455300737,False,,False
78,BIZ1,L_OLD1,100-0001-001,202078,3,21707.0,SF100,L,5.711511551532113e-05,1.2397978124910758,1.78865015578586,6.195333919121361,8.0,False,stable,0.17483564147120514,False,0.3067381248946782,False,,False
79,BIZ1,L_OLD1,100-0001-001,202079,0,21981.0,SF100,L,5.711511551532113e-05,1.2554473541422737,1.8112276719182285,4.384106247203133,8.0,False,stable,1.0,False,0.506277116305672,False,,False
80,BIZ1,L_OLD1,100-0001-001,202080,1,22256.0,SF100,L,5.711511551532113e-05,1.271154010908987,1.8338875877445109,3.550218659458622,8.0,False,stable,0.7347803345898481,False,0.9154300076057694,False,,False
81,BIZ1,L_OLD1,100-0001-001,202081,2,22531.0,SF100,L,5.711511551532113e-05,1.2868606676757004,1.8565475035707935,3.6936711558878286,8.0,False,stable,0.4130325225810841,False,0.5206574472256656,False,,False
82,BIZ1,L_OLD1,100-0001-001,202082,1,22806.0,SF100,L,5.711511551532113e-05,1.3025673244424136,1.8792074193970756,2.8144637364907537,8.0,False,stable,0.742732760251529,False,0.5277355417779674,False,,False
83,BIZ1,L_OLD1,100-0001-001,202083,5,23081.0,SF100,L,5.711511551532113e-05,1.318273981209127,1.9018673352233582,5.912596401267395,8.0,False,stable,0.027140768977321338,False,0.10605471957668634,False,,False
84,BIZ1,L_OLD1,100-0001-001,202084,1,23356.0,SF100,L,5.711511551532113e-05,1.3339806379758403,1.9245272510496405,4.988069150217754,8.0,False,stable,0.7504211254830916,False,0.10988995297281061,False,,False
85,BIZ1,L_OLD1,100-0001-001,202085,3,23631.0,SF100,L,5.711511551532113e-05,1.3496872947425536,1.9471871668759229,6.040881983341832,8.0,False,stable,0.20425771941385373,False,0.35492082835476285,False,,False
86,BIZ1,L_OLD1,100-0001-001,202086,3,23906.0,SF100,L,5.711511551532113e-05,1.365393951509267,1.9698470827022054,7.071034900639626,8.0,False,stable,0.2085241018190667,False,0.1177327908272735,False,,False
87,BIZ1,L_OLD1,100-0001-001,202087,1,24181.0,SF100,L,5.711511551532113e-05,1.3811006082759802,1.9925069985284876,6.078527902111139,8.0,False,stable,0.7614794838664265,False,0.3685354656119572,False,,False
88,BIZ1,L_OLD1,100-0001-001,202088,2,24456.0,SF100,L,5.711511551532113e-05,1.3968072650426935,2.01516691435477,6.063360987756369,8.0,False,stable,0.4507138528331056,False,0.5685180383612236,False,,False
89,BIZ1,L_OLD1,100-0001-001,202089,2,24730.0,SF100,L,5.711511551532113e-05,1.4124568066938916,2.037744430487139,6.025616557269229,8.0,False,stable,0.4559300731745613,False,0.3820379048102516,False,,False
90,BIZ1,L_OLD1,100-0001-001,202090,1,25005.0,SF100,L,5.711511551532113e-05,1.4281634634606049,2.060404346313421,4.965212210955809,8.0,False,stable,0.7719836704944933,False,0.5814421484123619,False,,False
36,BIZ1,L_OLD2,100-0001-001,202036,0,8470.0,SF100,L,9.420147125570562e-05,0.7978864615358265,1.1511068412501797,0.0,8.0,False,stable,1.0,False,,False,,False
37,BIZ1,L_OLD2,100-0001-001,202037,0,8700.0,SF100,L,9.420147125570562e-05,0.8195527999246388,1.1823647601979412,0.0,8.0,False,stable,1.0,False,1.0,False,,False
38,BIZ1,L_OLD2,100-0001-001,202038,3,8929.0,SF100,L,9.420147125570562e-05,0.8411249368421955,1.213486775150278,1.786513224849722,8.0,False,stable,0.07230761257683278,False,0.275442165559428,False,,False
39,BIZ1,L_OLD2,100-0001-001,202039,1,9158.0,SF100,L,9.420147125570562e-05,0.862697073759752,1.2446087901026146,1.5419044347471076,8.0,False,stable,0.5958794482321652,False,0.13131046218259762,False,,False
40,BIZ1,L_OLD2,100-0001-001,202040,2,9387.0,SF100,L,9.420147125570562e-05,0.8842692106773086,1.2757308050549512,2.2661736296921564,8.0,False,stable,0.25154514128944866,False,0.2991362622244972,False,,False
41,BIZ1,L_OLD2,100-0001-001,202041,0,9616.0,SF100,L,9.420147125570562e-05,0.9058413475948652,1.3068528200072878,0.9593208096848687,8.0,False,stable,1.0,False,0.5611878351232584,False,,False
42,BIZ1,L_OLD2,100-0001-001,202042,1,9846.0,SF100,L,9.420147125570562e-05,0.9275076859836775,1.3381107389550495,0.6212100707298192,8.0,False,stable,0.6214565282594653,False,0.8427349748726934,False,,False
43,BIZ1,L_OLD2,100-0001-001,202043,0,10075.0,SF100,L,9.420147125570562e-05,0.949079822901234,1.369232753907386,0.0,8.0,False,stable,1.0,False,0.8489562295642982,False,,False
44,BIZ1,L_OLD2,100-0001-001,202044,1,10304.0,SF100,L,9.420147125570562e-05,0.9706519598187907,1.4003547688597229,0.0,8.0,False,stable,0.6375078779729426,False,0.854899052026459,False,,False
45,BIZ1,L_OLD2,100-0001-001,202045,2,10533.0,SF100,L,9.420147125570562e-05,0.9922240967363473,1.4314767838120595,0.5685232161879405,8.0,False,stable,0.2930416745684901,False,0.3579405806409317,False,,False
46,BIZ1,L_OLD2,100-0001-001,202046,1,10762.0,SF100,L,9.420147125570562e-05,1.013796233653904,1.462598798764396,0.10592441742354453,8.0,False,stable,0.6528244894915485,False,0.3695222645353675,False,,False
47,BIZ1,L_OLD2,100-0001-001,202047,0,10991.0,SF100,L,9.420147125570562e-05,1.0353683705714605,1.4937208137167326,0.0,8.0,False,stable,1.0,False,0.8712581608941349,False,,False
48,BIZ1,L_OLD2,100-0001-001,202048,3,11221.0,SF100,L,9.420147125570562e-05,1.0570347089602727,1.5249787326644944,1.4750212673355056,8.0,False,stable,0.11829353712698946,False,0.39246911159575676,False,,False
49,BIZ1,L_OLD2,100-0001-001,202049,3,11450.0,SF100,L,9.420147125570562e-05,1.0786068458778293,1.556100747616831,2.9189205197186747,8.0,False,stable,0.12332137686055993,False,0.045320824129990854,False,,False
50,BIZ1,L_OLD2,100-0001-001,202050,0,11679.0,SF100,L,9.420147125570562e-05,1.1001789827953858,1.5872227625691675,1.3316977571495072,8.0,False,stable,1.0,False,0.41504327630335885,False,,False
51,BIZ1,L_OLD2,100-0001-001,202051,3,11908.0,SF100,L,9.420147125570562e-05,1.1217511197129424,1.6183447775215039,2.713352979628004,8.0,False,stable,0.13357475214858264,False,0.4261618685198272,False,,False
52,BIZ1,L_OLD2,100-0001-001,202052,0,12137.0,SF100,L,9.420147125570562e-05,1.1433232566304992,1.6494667924738409,1.0638861871541632,8.0,False,stable,1.0,False,0.4371686350369947,False,,False
53,BIZ1,L_OLD2,100-0001-001,202053,1,12367.0,SF100,L,9.420147125570562e-05,1.1649895950193114,1.6807247114216024,0.383161475732561,8.0,False,stable,0.7012063798093338,False,0.8983198445674672,False,,False
54,BIZ1,L_OLD2,100-0001-001,202054,0,12596.0,SF100,L,9.420147125570562e-05,1.186561731936868,1.711846726373939,0.0,8.0,False,stable,1.0,False,0.9022016638392064,False,,False
55,BIZ1,L_OLD2,100-0001-001,202055,0,12825.0,SF100,L,9.420147125570562e-05,1.2081338688544245,1.7429687413262756,0.0,8.0,False,stable,1.0,False,1.0,False,,False
56,BIZ1,L_OLD2,100-0001-001,202056,0,13054.0,SF100,L,9.420147125570562e-05,1.229706005771981,1.7740907562786121,0.0,8.0,False,stable,1.0,False,1.0,False,,False
57,BIZ1,L_OLD2,100-0001-001,202057,1,13283.0,SF100,L,9.420147125570562e-05,1.2512781426895376,1.8052127712309487,0.0,8.0,False,stable,0.7255043768968377,False,0.9128930022512024,False,,False
58,BIZ1,L_OLD2,100-0001-001,202058,1,13512.0,SF100,L,9.420147125570562e-05,1.2728502796070942,1.8363347861832853,0.0,8.0,False,stable,0.7312385422313088,False,0.7284179072148842,False,,False
59,BIZ1,L_OLD2,100-0001-001,202059,1,13742.0,SF100,L,9.420147125570562e-05,1.2945166179959067,1.8675927051310472,0.0,8.0,False,stable,0.7368673604852755,False,0.7361143857054896,False,,False
60,BIZ1,L_OLD2,100-0001-001,202060,1,13971.0,SF100,L,9.420147125570562e-05,1.3160887549134632,1.8987147200833838,0.0,8.0,False,stable,0.74234504284755,False,0.7436000386224965,False,,False
61,BIZ1,L_OLD2,100-0001-001,202061,1,14200.0,SF100,L,9.420147125570562e-05,1.3376608918310198,1.9298367350357204,0.0,8.0,False,stable,0.7476994070221398,False,0.7508640025807828,False,,False
62,BIZ1,L_OLD2,100-0001-001,202062,1,14429.0,SF100,L,9.420147125570562e-05,1.3592330287485763,1.960958749988057,0.0,8.0,False,stable,0.7529334376319949,False,0.7579275407387857,False,,False
63,BIZ1,L_OLD2,100-0001-001,202063,1,14658.0,SF100,L,9.420147125570562e-05,1.3808051656661329,1.9920807649403935,0.0,8.0,False,stable,0.7580500420384608,False,0.7647953535844397,False,,False
64,BIZ1,L_OLD2,100-0001-001,202064,0,14888.0,SF100,L,9.420147125570562e-05,1.4024715040549451,2.0233386838881553,0.0,8.0,False,stable,1.0,False,0.9332451942241103,False,,False
65,BIZ1,L_OLD2,100-0001-001,202065,1,15117.0,SF100,L,9.420147125570562e-05,1.4240436409725017,2.054460698840492,0.0,8.0,False,stable,0.7679633412900587,False,0.9357076326286049,False,,False
66,BIZ1,L_OLD2,100-0001-001,202066,0,15346.0,SF100,L,9.420147125570562e-05,1.4456157778900585,2.0855827137928284,0.0,8.0,False,stable,1.0,False,0.9380669224884538,False,,False
67,BIZ1,L_OLD2,100-0001-001,202067,3,15575.0,SF100,L,9.420147125570562e-05,1.467187914807615,2.116704728745165,0.883295271254835,8.0,False,stable,0.22263898526791798,False,0.5864312618940959,False,,False
68,BIZ1,L_OLD2,100-0001-001,202068,2,15804.0,SF100,L,9.420147125570562e-05,1.4887600517251716,2.1478267436975016,0.7354685275573334,8.0,False,stable,0.47012276118372015,False,0.23843179378765428,False,,False
69,BIZ1,L_OLD2,100-0001-001,202069,1,16033.0,SF100,L,9.420147125570562e-05,1.5103321886427281,2.178948758649838,0.0,8.0,False,stable,0.7864566157662614,False,0.6038450141741897,False,,False
70,BIZ1,L_OLD2,100-0001-001,202070,2,16263.0,SF100,L,9.420147125570562e-05,1.5319985270315404,2.2102066775976,0.0,8.0,False,stable,0.48402234502151564,False,0.6123460868346755,False,,False
71,BIZ1,L_OLD2,100-0001-001,202071,3,16492.0,SF100,L,9.420147125570562e-05,1.553570663949097,2.2413286925499367,0.7586713074500633,8.0,False,stable,0.24610143936798862,False,0.26208478993052314,False,,False
72,BIZ1,L_OLD2,100-0001-001,202072,0,16721.0,SF100,L,9.420147125570562e-05,1.5751428008666537,2.2724507075022733,0.0,8.0,False,stable,1.0,False,0.6288820788366016,False,,False
73,BIZ1,L_OLD2,100-0001-001,202073,1,16950.0,SF100,L,9.420147125570562e-05,1.5967149377842103,2.30357272245461,0.0,8.0,False,stable,0.8033813976222332,False,0.952182065517322,False,,False
74,BIZ1,L_OLD2,100-0001-001,202074,1,17179.0,SF100,L,9.420147125570562e-05,1.6182870747017668,2.3346947374069464,0.0,8.0,False,stable,0.8073773391877123,False,0.8287639505847612,False,,False
75,BIZ1,L_OLD2,100-0001-001,202075,1,17409.0,SF100,L,9.420147125570562e-05,1.639953413090579,2.365952656354708,0.0,8.0,False,stable,0.8113023278409954,False,0.8336405437955815,False,,False
76,BIZ1,L_OLD2,100-0001-001,202076,1,17638.0,SF100,L,9.420147125570562e-05,1.6615255500081356,2.3970746713070445,0.0,8.0,False,stable,0.8151243161292886,False,0.8383768731938072,False,,False
77,BIZ1,L_OLD2,100-0001-001,202077,3,17867.0,SF100,L,9.420147125570562e-05,1.6830976869256922,2.428196686259381,0.5718033137406189,8.0,False,stable,0.2815990119610679,False,0.4768646277686734,False,,False
78,BIZ1,L_OLD2,100-0001-001,202078,3,18096.0,SF100,L,9.420147125570562e-05,1.7046698238432487,2.4593187012117177,1.1124846125289012,8.0,False,stable,0.28752379422484214,False,0.19200031583971228,False,,False
79,BIZ1,L_OLD2,100-0001-001,202079,0,18325.0,SF100,L,9.420147125570562e-05,1.7262419607608055,2.4904407161640547,0.0,8.0,False,stable,1.0,False,0.682120095411821,False,,False
80,BIZ1,L_OLD2,100-0001-001,202080,1,18554.0,SF100,L,9.420147125570562e-05,1.747814097678362,2.5215627311163913,0.0,8.0,False,stable,0.8295945172707853,False,0.9628781836413303,False,,False
81,BIZ1,L_OLD2,100-0001-001,202081,0,18784.0,SF100,L,9.420147125570562e-05,1.7694804360671743,2.552820650064153,0.0,8.0,False,stable,1.0,False,0.9641834323219088,False,,False
82,BIZ1,L_OLD2,100-0001-001,202082,1,19013.0,SF100,L,9.420147125570562e-05,1.7910525729847309,2.5839426650164894,0.0,8.0,False,stable,0.8363798394365546,False,0.9654391079855508,False,,False
83,BIZ1,L_OLD2,100-0001-001,202083,1,19242.0,SF100,L,9.420147125570562e-05,1.8126247099022874,2.615064679968826,0.0,8.0,False,stable,0.8396551723683976,False,0.8678734331505894,False,,False
84,BIZ1,L_OLD2,100-0001-001,202084,1,19471.0,SF100,L,9.420147125570562e-05,1.834196846819844,2.6461866949211625,0.0,8.0,False,stable,0.8428595946900032,False,0.8716116734823386,False,,False
85,BIZ1,L_OLD2,100-0001-001,202085,1,19700.0,SF100,L,9.420147125570562e-05,1.8557689837374007,2.6773087098734996,0.0,8.0,False,stable,0.8459947569484428,False,0.8752415801775155,False,,False
86,BIZ1,L_OLD2,100-0001-001,202086,4,19930.0,SF100,L,9.420147125570562e-05,1.877435322126213,2.708566628821261,1.291433371178739,8.0,False,stable,0.16456689211439068,False,0.3820439219945821,False,,False
87,BIZ1,L_OLD2,100-0001-001,202087,0,20159.0,SF100,L,9.420147125570562e-05,1.8990074590437696,2.7396886437735977,0.0,8.0,False,stable,1.0,False,0.5586342159437653,False,,False
88,BIZ1,L_OLD2,100-0001-001,202088,0,20388.0,SF100,L,9.420147125570562e-05,1.920579595961326,2.7708106587259342,0.0,8.0,False,stable,1.0,False,1.0,False,,False
89,BIZ1,L_OLD2,100-0001-001,202089,0,20617.0,SF100,L,9.420147125570562e-05,1.9421517328788827,2.801932673678271,0.0,8.0,False,stable,1.0,False,1.0,False,,False
90,BIZ1,L_OLD2,100-0001-001,202090,1,20846.0,SF100,L,9.420147125570562e-05,1.9637238697964392,2.8330546886306074,0.0,8.0,False,stable,0.8606987674160893,False,0.9739131096968568,False,,False
