事業コード,SF-コード,ランク,開発コード,部番,販社,年月,経過月,月次使用数,累積販売台数
BIZ1,SF100,H,H_OLD0,100-0001-001,S01,202000,0,0,217.0
BIZ1,SF100,H,H_OLD0,100-0001-001,S02,202000,0,0,144.0
BIZ1,SF100,H,H_OLD0,100-0001-001,S01,202001,1,0,442.0
BIZ1,SF100,H,H_OLD0,100-0001-001,S02,202001,1,0,295.0
BIZ1,SF100,H,H_OLD0,100-0001-001,S01,202002,2,0,668.0
BIZ1,SF100,H,H_OLD0,100-0001-001,S02,202002,2,0,445.0
BIZ1,SF100,H,H_OLD0,100-0001-001,S01,202003,3,0,894.0
BIZ1,SF100,H,H_OLD0,100-0001-001,S02,202003,3,0,596.0
BIZ1,SF100,H,H_OLD0,100-0001-001,S01,202004,4,1,1120.0
BIZ1,SF100,H,H_OLD0,100-0001-001,S02,202004,4,0,746.0
BIZ1,SF100,H,H_OLD0,100-0001-001,S01,202005,5,0,1345.0
BIZ1,SF100,H,H_OLD0,100-0001-001,S02,202005,5,0,897.0
BIZ1,SF100,H,H_OLD0,100-0001-001,S01,202006,6,1,1571.0
BIZ1,SF100,H,H_OLD0,100-0001-001,S02,202006,6,1,1047.0
BIZ1,SF100,H,H_OLD0,100-0001-001,S01,202007,7,0,1797.0
BIZ1,SF100,H,H_OLD0,100-0001-001,S02,202007,7,1,1198.0
BIZ1,SF100,H,H_OLD0,100-0001-001,S01,202008,8,0,2023.0
BIZ1,SF100,H,H_OLD0,100-0001-001,S02,202008,8,0,1348.0
BIZ1,SF100,H,H_OLD0,100-0001-001,S01,202009,9,0,2248.0
BIZ1,SF100,H,H_OLD0,100-0001-001,S02,202009,9,0,1499.0
BIZ1,SF100,H,H_OLD0,100-0001-001,S01,202010,10,1,2474.0
BIZ1,SF100,H,H_OLD0,100-0001-001,S02,202010,10,1,1649.0
BIZ1,SF100,H,H_OLD0,100-0001-001,S01,202011,11,2,2700.0
BIZ1,SF100,H,H_OLD0,100-0001-001,S02,202011,11,1,1800.0
BIZ1,SF100,H,H_OLD0,100-0001-001,S01,202012,12,0,2926.0
BIZ1,SF100,H,H_OLD0,100-0001-001,S02,202012,12,1,1950.0
BIZ1,SF100,H,H_OLD0,100-0001-001,S01,202013,13,0,3151.0
BIZ1,SF100,H,H_OLD0,100-0001-001,S02,202013,13,0,2101.0
BIZ1,SF100,H,H_OLD0,100-0001-001,S01,202014,14,1,3377.0
BIZ1,SF100,H,H_OLD0,100-0001-001,S02,202014,14,0,2251.0
BIZ1,SF100,H,H_OLD0,100-0001-001,S01,202015,15,2,3602.0
BIZ1,SF100,H,H_OLD0,100-0001-001,S02,202015,15,0,2402.0
BIZ1,SF100,H,H_OLD0,100-0001-001,S01,202016,16,1,3829.0
BIZ1,SF100,H,H_OLD0,100-0001-001,S02,202016,16,0,2552.0
BIZ1,SF100,H,H_OLD0,100-0001-001,S01,202017,17,0,4054.0
BIZ1,SF100,H,H_OLD0,100-0001-001,S02,202017,17,0,2703.0
BIZ1,SF100,H,H_OLD0,100-0001-001,S01,202018,18,1,4280.0
BIZ1,SF100,H,H_OLD0,100-0001-001,S02,202018,18,1,2853.0
BIZ1,SF100,H,H_OLD0,100-0001-001,S01,202019,19,0,4505.0
BIZ1,SF100,H,H_OLD0,100-0001-001,S02,202019,19,1,3004.0
BIZ1,SF100,H,H_OLD0,100-0001-001,S01,202020,20,1,4732.0
BIZ1,SF100,H,H_OLD0,100-0001-001,S02,202020,20,0,3154.0
BIZ1,SF100,H,H_OLD0,100-0001-001,S01,202021,21,0,4957.0
BIZ1,SF100,H,H_OLD0,100-0001-001,S02,202021,21,0,3305.0
BIZ1,SF100,H,H_OLD0,100-0001-001,S01,202022,22,0,5183.0
BIZ1,SF100,H,H_OLD0,100-0001-001,S02,202022,22,0,3455.0
BIZ1,SF100,H,H_OLD0,100-0001-001,S01,202023,23,0,5408.0
BIZ1,SF100,H,H_OLD0,100-0001-001,S02,202023,23,1,3606.0
BIZ1,SF100,H,H_OLD0,100-0001-001,S01,202024,24,2,5635.0
BIZ1,SF100,H,H_OLD0,100-0001-001,S02,202024,24,0,3756.0
BIZ1,SF100,H,H_OLD0,100-0001-001,S01,202025,25,0,5860.0
BIZ1,SF100,H,H_OLD0,100-0001-001,S02,202025,25,0,3907.0
BIZ1,SF100,H,H_OLD0,100-0001-001,S01,202026,26,0,6086.0
BIZ1,SF100,H,H_OLD0,100-0001-001,S02,202026,26,0,4057.0
BIZ1,SF100,H,H_OLD0,100-0001-001,S01,202027,27,3,6311.0
BIZ1,SF100,H,H_OLD0,100-0001-001,S02,202027,27,0,4208.0
BIZ1,SF100,H,H_OLD0,100-0001-001,S01,202028,28,0,6537.0
BIZ1,SF100,H,H_OLD0,100-0001-001,S02,202028,28,0,4358.0
BIZ1,SF100,H,H_OLD0,100-0001-001,S01,202029,29,1,6763.0
BIZ1,SF100,H,H_OLD0,100-0001-001,S02,202029,29,1,4509.0
BIZ1,SF100,H,H_OLD0,100-0001-001,S01,202030,30,1,6989.0
BIZ1,SF100,H,H_OLD0,100-0001-001,S02,202030,30,0,4659.0
BIZ1,SF100,H,H_OLD0,100-0001-001,S01,202031,31,0,7214.0
BIZ1,SF100,H,H_OLD0,100-0001-001,S02,202031,31,0,4810.0
BIZ1,SF100,H,H_OLD0,100-0001-001,S01,202032,32,0,7440.0
BIZ1,SF100,H,H_OLD0,100-0001-001,S02,202032,32,0,4960.0
BIZ1,SF100,H,H_OLD0,100-0001-001,S01,202033,33,2,7666.0
BIZ1,SF100,H,H_OLD0,100-0001-001,S02,202033,33,0,5111.0
BIZ1,SF100,H,H_OLD0,100-0001-001,S01,202034,34,1,7892.0
BIZ1,SF100,H,H_OLD0,100-0001-001,S02,202034,34,0,5261.0
BIZ1,SF100,H,H_OLD0,100-0001-001,S01,202035,35,0,8117.0
BIZ1,SF100,H,H_OLD0,100-0001-001,S02,202035,35,0,5412.0
BIZ1,SF100,H,H_OLD0,100-0001-001,S01,202036,36,1,8343.0
BIZ1,SF100,H,H_OLD0,100-0001-001,S02,202036,36,1,5562.0
BIZ1,SF100,H,H_OLD0,100-0001-001,S01,202037,37,1,8569.0
BIZ1,SF100,H,H_OLD0,100-0001-001,S02,202037,37,0,5713.0
BIZ1,SF100,H,H_OLD0,100-0001-001,S01,202038,38,0,8795.0
BIZ1,SF100,H,H_OLD0,100-0001-001,S02,202038,38,0,5863.0
BIZ1,SF100,H,H_OLD0,100-0001-001,S01,202039,39,0,9020.0
BIZ1,SF100,H,H_OLD0,100-0001-001,S02,202039,39,0,6014.0
BIZ1,SF100,H,H_OLD0,100-0001-001,S01,202040,40,1,9246.0
BIZ1,SF100,H,H_OLD0,100-0001-001,S02,202040,40,1,6164.0
BIZ1,SF100,H,H_OLD0,100-0001-001,S01,202041,41,0,9472.0
BIZ1,SF100,H,H_OLD0,100-0001-001,S02,202041,41,2,6314.0
BIZ1,SF100,H,H_OLD0,100-0001-001,S01,202042,42,2,9698.0
BIZ1,SF100,H,H_OLD0,100-0001-001,S02,202042,42,1,6465.0
BIZ1,SF100,H,H_OLD0,100-0001-001,S01,202043,43,2,9923.0
BIZ1,SF100,H,H_OLD0,100-0001-001,S02,202043,43,0,6616.0
BIZ1,SF100,H,H_OLD0,100-0001-001,S01,202044,44,0,10149.0
BIZ1,SF100,H,H_OLD0,100-0001-001,S02,202044,44,0,6766.0
BIZ1,SF100,H,H_OLD0,100-0001-001,S01,202045,45,0,10375.0
BIZ1,SF100,H,H_OLD0,100-0001-001,S02,202045,45,0,6916.0
BIZ1,SF100,H,H_OLD0,100-0001-001,S01,202046,46,1,10601.0
BIZ1,SF100,H,H_OLD0,100-0001-001,S02,202046,46,0,7067.0
BIZ1,SF100,H,H_OLD0,100-0001-001,S01,202047,47,7,10826.0
BIZ1,SF100,H,H_OLD0,100-0001-001,S02,202047,47,0,7218.0
BIZ1,SF100,H,H_OLD0,100-0001-001,S01,202048,48,1,11052.0
BIZ1,SF100,H,H_OLD0,100-0001-001,S02,202048,48,0,7368.0
BIZ1,SF100,H,H_OLD0,100-0001-001,S01,202049,49,3,11278.0
BIZ1,SF100,H,H_OLD0,100-0001-001,S02,202049,49,1,7518.0
BIZ1,SF100,H,H_OLD0,100-0001-001,S01,202050,50,1,11504.0
BIZ1,SF100,H,H_OLD0,100-0001-001,S02,202050,50,0,7669.0
BIZ1,SF100,H,H_OLD0,100-0001-001,S01,202051,51,2,11729.0
BIZ1,SF100,H,H_OLD0,100-0001-001,S02,202051,51,0,7820.0
BIZ1,SF100,H,H_OLD0,100-0001-001,S01,202052,52,1,11955.0
BIZ1,SF100,H,H_OLD0,100-0001-001,S02,202052,52,0,7970.0
BIZ1,SF100,H,H_OLD0,100-0001-001,S01,202053,53,2,12181.0
BIZ1,SF100,H,H_OLD0,100-0001-001,S02,202053,53,1,8120.0
BIZ1,SF100,H,H_OLD0,100-0001-001,S01,202054,54,0,12406.0
BIZ1,SF100,H,H_OLD0,100-0001-001,S02,202054,54,0,8271.0
BIZ1,SF100,H,H_OLD0,100-0001-001,S01,202055,55,1,12632.0
BIZ1,SF100,H,H_OLD0,100-0001-001,S02,202055,55,1,8422.0
BIZ1,SF100,H,H_OLD0,100-0001-001,S01,202056,56,0,12858.0
BIZ1,SF100,H,H_OLD0,100-0001-001,S02,202056,56,1,8572.0
BIZ1,SF100,H,H_OLD0,100-0001-001,S01,202057,57,2,13084.0
BIZ1,SF100,H,H_OLD0,100-0001-001,S02,202057,57,1,8722.0
BIZ1,SF100,H,H_OLD0,100-0001-001,S01,202058,58,0,13309.0
BIZ1,SF100,H,H_OLD0,100-0001-001,S02,202058,58,1,8873.0
BIZ1,SF100,H,H_OLD0,100-0001-001,S01,202059,59,1,13535.0
BIZ1,SF100,H,H_OLD0,100-0001-001,S02,202059,59,1,9024.0
BIZ1,SF100,H,H_OLD0,100-0001-001,S01,202060,60,1,13761.0
BIZ1,SF100,H,H_OLD0,100-0001-001,S02,202060,60,0,9174.0
BIZ1,SF100,H,H_OLD0,100-0001-001,S01,202061,61,1,13987.0
BIZ1,SF100,H,H_OLD0,100-0001-001,S02,202061,61,2,9324.0
BIZ1,SF100,H,H_OLD0,100-0001-001,S01,202062,62,1,14212.0
BIZ1,SF100,H,H_OLD0,100-0001-001,S02,202062,62,2,9475.0
BIZ1,SF100,H,H_OLD0,100-0001-001,S01,202063,63,0,14438.0
BIZ1,SF100,H,H_OLD0,100-0001-001,S02,202063,63,0,9625.0
BIZ1,SF100,H,H_OLD0,100-0001-001,S01,202064,64,2,14664.0
BIZ1,SF100,H,H_OLD0,100-0001-001,S02,202064,64,4,9776.0
BIZ1,SF100,H,H_OLD0,100-0001-001,S01,202065,65,1,14890.0
BIZ1,SF100,H,H_OLD0,100-0001-001,S02,202065,65,1,9926.0
BIZ1,SF100,H,H_OLD0,100-0001-001,S01,202066,66,1,15115.0
BIZ1,SF100,H,H_OLD0,100-0001-001,S02,202066,66,2,10077.0
BIZ1,SF100,H,H_OLD0,100-0001-001,S01,202067,67,4,15341.0
BIZ1,SF100,H,H_OLD0,100-0001-001,S02,202067,67,0,10227.0
BIZ1,SF100,H,H_OLD0,100-0001-001,S01,202068,68,4,15567.0
BIZ1,SF100,H,H_OLD0,100-0001-001,S02,202068,68,0,10378.0
BIZ1,SF100,H,H_OLD0,100-0001-001,S01,202069,69,2,15793.0
BIZ1,SF100,H,H_OLD0,100-0001-001,S02,202069,69,0,10528.0
BIZ1,SF100,H,H_OLD0,100-0001-001,S01,202070,70,1,16018.0
BIZ1,SF100,H,H_OLD0,100-0001-001,S02,202070,70,0,10679.0
BIZ1,SF100,H,H_OLD0,100-0001-001,S01,202071,71,3,16244.0
BIZ1,SF100,H,H_OLD0,100-0001-001,S02,202071,71,3,10829.0
BIZ1,SF100,H,H_OLD0,100-0001-001,S01,202072,72,3,16470.0
BIZ1,SF100,H,H_OLD0,100-0001-001,S02,202072,72,1,10980.0
BIZ1,SF100,H,H_OLD0,100-0001-001,S01,202073,73,4,16696.0
BIZ1,SF100,H,H_OLD0,100-0001-001,S02,202073,73,3,11130.0
BIZ1,SF100,H,H_OLD0,100-0001-001,S01,202074,74,3,16921.0
BIZ1,SF100,H,H_OLD0,100-0001-001,S02,202074,74,3,11281.0
BIZ1,SF100,H,H_OLD0,100-0001-001,S01,202075,75,2,17147.0
BIZ1,SF100,H,H_OLD0,100-0001-001,S02,202075,75,0,11431.0
BIZ1,SF100,H,H_OLD0,100-0001-001,S01,202076,76,2,17372.0
BIZ1,SF100,H,H_OLD0,100-0001-001,S02,202076,76,2,11582.0
BIZ1,SF100,H,H_OLD0,100-0001-001,S01,202077,77,4,17599.0
BIZ1,SF100,H,H_OLD0,100-0001-001,S02,202077,77,0,11732.0
BIZ1,SF100,H,H_OLD0,100-0001-001,S01,202078,78,2,17824.0
BIZ1,SF100,H,H_OLD0,100-0001-001,S02,202078,78,1,11883.0
BIZ1,SF100,H,H_OLD0,100-0001-001,S01,202079,79,1,18050.0
BIZ1,SF100,H,H_OLD0,100-0001-001,S02,202079,79,2,12033.0
BIZ1,SF100,H,H_OLD0,100-0001-001,S01,202080,80,2,18275.0
BIZ1,SF100,H,H_OLD0,100-0001-001,S02,202080,80,2,12184.0
BIZ1,SF100,H,H_OLD0,100-0001-001,S01,202081,81,3,18502.0
BIZ1,SF100,H,H_OLD0,100-0001-001,S02,202081,81,1,12334.0
BIZ1,SF100,H,H_OLD0,100-0001-001,S01,202082,82,4,18727.0
BIZ1,SF100,H,H_OLD0,100-0001-001,S02,202082,82,1,12485.0
BIZ1,SF100,H,H_OLD0,100-0001-001,S01,202083,83,1,18953.0
BIZ1,SF100,H,H_OLD0,100-0001-001,S02,202083,83,2,12635.0
BIZ1,SF100,H,H_OLD0,100-0001-001,S01,202084,84,1,19178.0
BIZ1,SF100,H,H_OLD0,100-0001-001,S02,202084,84,0,12786.0
BIZ1,SF100,H,H_OLD0,100-0001-001,S01,202085,85,3,19405.0
BIZ1,SF100,H,H_OLD0,100-0001-001,S02,202085,85,0,12936.0
BIZ1,SF100,H,H_OLD0,100-0001-001,S01,202086,86,2,19630.0
BIZ1,SF100,H,H_OLD0,100-0001-001,S02,202086,86,0,13087.0
BIZ1,SF100,H,H_OLD0,100-0001-001,S01,202087,87,7,19856.0
BIZ1,SF100,H,H_OLD0,100-0001-001,S02,202087,87,0,13237.0
BIZ1,SF100,H,H_OLD0,100-0001-001,S01,202088,88,2,20081.0
BIZ1,SF100,H,H_OLD0,100-0001-001,S02,202088,88,3,13388.0
BIZ1,SF100,H,H_OLD0,100-0001-001,S01,202089,89,5,20307.0
BIZ1,SF100,H,H_OLD0,100-0001-001,S02,202089,89,1,13538.0
BIZ1,SF100,H,H_OLD0,100-0001-001,S01,202090,90,0,20533.0
BIZ1,SF100,H,H_OLD0,100-0001-001,S02,202090,90,3,13689.0
BIZ1,SF100,H,H_OLD0,100-0001-001,S01,202091,91,4,20759.0
BIZ1,SF100,H,H_OLD0,100-0001-001,S02,202091,91,1,13839.0
BIZ1,SF100,H,H_OLD0,100-0001-001,S01,202092,92,3,20984.0
BIZ1,SF100,H,H_OLD0,100-0001-001,S02,202092,92,1,13990.0
BIZ1,SF100,H,H_OLD0,100-0001-001,S01,202093,93,2,21210.0
BIZ1,SF100,H,H_OLD0,100-0001-001,S02,202093,93,1,14140.0
BIZ1,SF100,H,H_OLD0,100-0001-001,S01,202094,94,6,21436.0
BIZ1,SF100,H,H_OLD0,100-0001-001,S02,202094,94,3,14291.0
BIZ1,SF100,H,H_OLD0,100-0001-001,S01,202095,95,2,21662.0
BIZ1,SF100,H,H_OLD0,100-0001-001,S02,202095,95,1,14441.0
BIZ1,SF100,H,H_OLD1,100-0001-001,S01,202000,0,0,215.0
BIZ1,SF100,H,H_OLD1,100-0001-001,S02,202000,0,0,144.0
BIZ1,SF100,H,H_OLD1,100-0001-001,S01,202001,1,0,440.0
BIZ1,SF100,H,H_OLD1,100-0001-001,S02,202001,1,0,293.0
BIZ1,SF100,H,H_OLD1,100-0001-001,S01,202002,2,0,665.0
BIZ1,SF100,H,H_OLD1,100-0001-001,S02,202002,2,0,443.0
BIZ1,SF100,H,H_OLD1,100-0001-001,S01,202003,3,0,889.0
BIZ1,SF100,H,H_OLD1,100-0001-001,S02,202003,3,1,593.0
BIZ1,SF100,H,H_OLD1,100-0001-001,S01,202004,4,0,1114.0
BIZ1,SF100,H,H_OLD1,100-0001-001,S02,202004,4,0,742.0
BIZ1,SF100,H,H_OLD1,100-0001-001,S01,202005,5,2,1338.0
BIZ1,SF100,H,H_OLD1,100-0001-001,S02,202005,5,0,892.0
BIZ1,SF100,H,H_OLD1,100-0001-001,S01,202006,6,0,1563.0
BIZ1,SF100,H,H_OLD1,100-0001-001,S02,202006,6,0,1042.0
BIZ1,SF100,H,H_OLD1,100-0001-001,S01,202007,7,0,1787.0
BIZ1,SF100,H,H_OLD1,100-0001-001,S02,202007,7,2,1192.0
BIZ1,SF100,H,H_OLD1,100-0001-001,S01,202008,8,0,2012.0
BIZ1,SF100,H,H_OLD1,100-0001-001,S02,202008,8,0,1341.0
BIZ1,SF100,H,H_OLD1,100-0001-001,S01,202009,9,0,2236.0
BIZ1,SF100,H,H_OLD1,100-0001-001,S02,202009,9,0,1491.0
BIZ1,SF100,H,H_OLD1,100-0001-001,S01,202010,10,3,2461.0
BIZ1,SF100,H,H_OLD1,100-0001-001,S02,202010,10,0,1641.0
BIZ1,SF100,H,H_OLD1,100-0001-001,S01,202011,11,1,2686.0
BIZ1,SF100,H,H_OLD1,100-0001-001,S02,202011,11,0,1790.0
BIZ1,SF100,H,H_OLD1,100-0001-001,S01,202012,12,2,2910.0
BIZ1,SF100,H,H_OLD1,100-0001-001,S02,202012,12,0,1940.0
BIZ1,SF100,H,H_OLD1,100-0001-001,S01,202013,13,1,3134.0
BIZ1,SF100,H,H_OLD1,100-0001-001,S02,202013,13,0,2090.0
BIZ1,SF100,H,H_OLD1,100-0001-001,S01,202014,14,0,3359.0
BIZ1,SF100,H,H_OLD1,100-0001-001,S02,202014,14,0,2240.0
BIZ1,SF100,H,H_OLD1,100-0001-001,S01,202015,15,1,3584.0
BIZ1,SF100,H,H_OLD1,100-0001-001,S02,202015,15,0,2389.0
BIZ1,SF100,H,H_OLD1,100-0001-001,S01,202016,16,2,3808.0
BIZ1,SF100,H,H_OLD1,100-0001-001,S02,202016,16,1,2539.0
BIZ1,SF100,H,H_OLD1,100-0001-001,S01,202017,17,0,4033.0
BIZ1,SF100,H,H_OLD1,100-0001-001,S02,202017,17,2,2688.0
BIZ1,SF100,H,H_OLD1,100-0001-001,S01,202018,18,1,4258.0
BIZ1,SF100,H,H_OLD1,100-0001-001,S02,202018,18,0,2838.0
BIZ1,SF100,H,H_OLD1,100-0001-001,S01,202019,19,0,4482.0
BIZ1,SF100,H,H_OLD1,100-0001-001,S02,202019,19,1,2988.0
BIZ1,SF100,H,H_OLD1,100-0001-001,S01,202020,20,1,4706.0
BIZ1,SF100,H,H_OLD1,100-0001-001,S02,202020,20,1,3138.0
BIZ1,SF100,H,H_OLD1,100-0001-001,S01,202021,21,1,4931.0
BIZ1,SF100,H,H_OLD1,100-0001-001,S02,202021,21,1,3287.0
BIZ1,SF100,H,H_OLD1,100-0001-001,S01,202022,22,2,5156.0
BIZ1,SF100,H,H_OLD1,100-0001-001,S02,202022,22,1,3437.0
BIZ1,SF100,H,H_OLD1,100-0001-001,S01,202023,23,0,5380.0
BIZ1,SF100,H,H_OLD1,100-0001-001,S02,202023,23,1,3587.0
BIZ1,SF100,H,H_OLD1,100-0001-001,S01,202024,24,0,5605.0
BIZ1,SF100,H,H_OLD1,100-0001-001,S02,202024,24,2,3736.0
BIZ1,SF100,H,H_OLD1,100-0001-001,S01,202025,25,0,5829.0
BIZ1,SF100,H,H_OLD1,100-0001-001,S02,202025,25,1,3886.0
BIZ1,SF100,H,H_OLD1,100-0001-001,S01,202026,26,1,6054.0
BIZ1,SF100,H,H_OLD1,100-0001-001,S02,202026,26,1,4036.0
BIZ1,SF100,H,H_OLD1,100-0001-001,S01,202027,27,1,6278.0
BIZ1,SF100,H,H_OLD1,100-0001-001,S02,202027,27,0,4186.0
BIZ1,SF100,H,H_OLD1,100-0001-001,S01,202028,28,0,6503.0
BIZ1,SF100,H,H_OLD1,100-0001-001,S02,202028,28,1,4335.0
BIZ1,SF100,H,H_OLD1,100-0001-001,S01,202029,29,1,6727.0
BIZ1,SF100,H,H_OLD1,100-0001-001,S02,202029,29,1,4485.0
BIZ1,SF100,H,H_OLD1,100-0001-001,S01,202030,30,0,6952.0
BIZ1,SF100,H,H_OLD1,100-0001-001,S02,202030,30,1,4635.0
BIZ1,SF100,H,H_OLD1,100-0001-001,S01,202031,31,3,7177.0
BIZ1,SF100,H,H_OLD1,100-0001-001,S02,202031,31,1,4784.0
BIZ1,SF100,H,H_OLD1,100-0001-001,S01,202032,32,1,7401.0
BIZ1,SF100,H,H_OLD1,100-0001-001,S02,202032,32,1,4934.0
BIZ1,SF100,H,H_OLD1,100-0001-001,S01,202033,33,0,7625.0
BIZ1,SF100,H,H_OLD1,100-0001-001,S02,202033,33,0,5084.0
BIZ1,SF100,H,H_OLD1,100-0001-001,S01,202034,34,1,7850.0
BIZ1,SF100,H,H_OLD1,100-0001-001,S02,202034,34,2,5234.0
BIZ1,SF100,H,H_OLD1,100-0001-001,S01,202035,35,3,8075.0
BIZ1,SF100,H,H_OLD1,100-0001-001,S02,202035,35,1,5383.0
BIZ1,SF100,H,H_OLD1,100-0001-001,S01,202036,36,0,8299.0
BIZ1,SF100,H,H_OLD1,100-0001-001,S02,202036,36,0,5533.0
BIZ1,SF100,H,H_OLD1,100-0001-001,S01,202037,37,0,8524.0
BIZ1,SF100,H,H_OLD1,100-0001-001,S02,202037,37,1,5682.0
BIZ1,SF100,H,H_OLD1,100-0001-001,S01,202038,38,0,8749.0
BIZ1,SF100,H,H_OLD1,100-0001-001,S02,202038,38,0,5832.0
BIZ1,SF100,H,H_OLD1,100-0001-001,S01,202039,39,0,8973.0
BIZ1,SF100,H,H_OLD1,100-0001-001,S02,202039,39,0,5982.0
BIZ1,SF100,H,H_OLD1,100-0001-001,S01,202040,40,0,9197.0
BIZ1,SF100,H,H_OLD1,100-0001-001,S02,202040,40,0,6132.0
BIZ1,SF100,H,H_OLD1,100-0001-001,S01,202041,41,2,9422.0
BIZ1,SF100,H,H_OLD1,100-0001-001,S02,202041,41,1,6281.0
BIZ1,SF100,H,H_OLD1,100-0001-001,S01,202042,42,2,9647.0
BIZ1,SF100,H,H_OLD1,100-0001-001,S02,202042,42,1,6431.0
BIZ1,SF100,H,H_OLD1,100-0001-001,S01,202043,43,0,9871.0
BIZ1,SF100,H,H_OLD1,100-0001-001,S02,202043,43,0,6581.0
BIZ1,SF100,H,H_OLD1,100-0001-001,S01,202044,44,1,10096.0
BIZ1,SF100,H,H_OLD1,100-0001-001,S02,202044,44,0,6730.0
BIZ1,SF100,H,H_OLD1,100-0001-001,S01,202045,45,1,10320.0
BIZ1,SF100,H,H_OLD1,100-0001-001,S02,202045,45,0,6880.0
BIZ1,SF100,H,H_OLD1,100-0001-001,S01,202046,46,1,10545.0
BIZ1,SF100,H,H_OLD1,100-0001-001,S02,202046,46,1,7030.0
BIZ1,SF100,H,H_OLD1,100-0001-001,S01,202047,47,0,10769.0
BIZ1,SF100,H,H_OLD1,100-0001-001,S02,202047,47,1,7180.0
BIZ1,SF100,H,H_OLD1,100-0001-001,S01,202048,48,0,10994.0
BIZ1,SF100,H,H_OLD1,100-0001-001,S02,202048,48,0,7329.0
BIZ1,SF100,H,H_OLD1,100-0001-001,S01,202049,49,0,11218.0
BIZ1,SF100,H,H_OLD1,100-0001-001,S02,202049,49,0,7479.0
BIZ1,SF100,H,H_OLD1,100-0001-001,S01,202050,50,4,11443.0
BIZ1,SF100,H,H_OLD1,100-0001-001,S02,202050,50,0,7629.0
BIZ1,SF100,H,H_OLD1,100-0001-001,S01,202051,51,2,11668.0
BIZ1,SF100,H,H_OLD1,100-0001-001,S02,202051,51,1,7778.0
BIZ1,SF100,H,H_OLD1,100-0001-001,S01,202052,52,1,11892.0
BIZ1,SF100,H,H_OLD1,100-0001-001,S02,202052,52,2,7928.0
BIZ1,SF100,H,H_OLD1,100-0001-001,S01,202053,53,5,12116.0
BIZ1,SF100,H,H_OLD1,100-0001-001,S02,202053,53,1,8078.0
BIZ1,SF100,H,H_OLD1,100-0001-001,S01,202054,54,1,12341.0
BIZ1,SF100,H,H_OLD1,100-0001-001,S02,202054,54,1,8228.0
BIZ1,SF100,H,H_OLD1,100-0001-001,S01,202055,55,2,12566.0
BIZ1,SF100,H,H_OLD1,100-0001-001,S02,202055,55,2,8377.0
BIZ1,SF100,H,H_OLD1,100-0001-001,S01,202056,56,3,12790.0
BIZ1,SF100,H,H_OLD1,100-0001-001,S02,202056,56,3,8527.0
BIZ1,SF100,H,H_OLD1,100-0001-001,S01,202057,57,4,13015.0
BIZ1,SF100,H,H_OLD1,100-0001-001,S02,202057,57,0,8676.0
BIZ1,SF100,H,H_OLD1,100-0001-001,S01,202058,58,1,13240.0
BIZ1,SF100,H,H_OLD1,100-0001-001,S02,202058,58,3,8826.0
BIZ1,SF100,H,H_OLD1,100-0001-001,S01,202059,59,0,13464.0
BIZ1,SF100,H,H_OLD1,100-0001-001,S02,202059,59,1,8976.0
BIZ1,SF100,H,H_OLD1,100-0001-001,S01,202060,60,2,13688.0
BIZ1,SF100,H,H_OLD1,100-0001-001,S02,202060,60,1,9126.0
BIZ1,SF100,H,H_OLD1,100-0001-001,S01,202061,61,3,13913.0
BIZ1,SF100,H,H_OLD1,100-0001-001,S02,202061,61,1,9275.0
BIZ1,SF100,H,H_OLD1,100-0001-001,S01,202062,62,1,14138.0
BIZ1,SF100,H,H_OLD1,100-0001-001,S02,202062,62,1,9425.0
BIZ1,SF100,H,H_OLD1,100-0001-001,S01,202063,63,1,14362.0
BIZ1,SF100,H,H_OLD1,100-0001-001,S02,202063,63,1,9575.0
BIZ1,SF100,H,H_OLD1,100-0001-001,S01,202064,64,4,14587.0
BIZ1,SF100,H,H_OLD1,100-0001-001,S02,202064,64,0,9724.0
BIZ1,SF100,H,H_OLD1,100-0001-001,S01,202065,65,2,14811.0
BIZ1,SF100,H,H_OLD1,100-0001-001,S02,202065,65,0,9874.0
BIZ1,SF100,H,H_OLD1,100-0001-001,S01,202066,66,6,15036.0
BIZ1,SF100,H,H_OLD1,100-0001-001,S02,202066,66,1,10024.0
BIZ1,SF100,H,H_OLD1,100-0001-001,S01,202067,67,3,15260.0
BIZ1,SF100,H,H_OLD1,100-0001-001,S02,202067,67,1,10174.0
BIZ1,SF100,H,H_OLD1,100-0001-001,S01,202068,68,0,15485.0
BIZ1,SF100,H,H_OLD1,100-0001-001,S02,202068,68,0,10323.0
BIZ1,SF100,H,H_OLD1,100-0001-001,S01,202069,69,5,15709.0
BIZ1,SF100,H,H_OLD1,100-0001-001,S02,202069,69,2,10473.0
BIZ1,SF100,H,H_OLD1,100-0001-001,S01,202070,70,1,15934.0
BIZ1,SF100,H,H_OLD1,100-0001-001,S02,202070,70,1,10623.0
BIZ1,SF100,H,H_OLD1,100-0001-001,S01,202071,71,2,16159.0
BIZ1,SF100,H,H_OLD1,100-0001-001,S02,202071,71,2,10772.0
BIZ1,SF100,H,H_OLD1,100-0001-001,S01,202072,72,1,16383.0
BIZ1,SF100,H,H_OLD1,100-0001-001,S02,202072,72,1,10922.0
BIZ1,SF100,H,H_OLD1,100-0001-001,S01,202073,73,1,16607.0
BIZ1,SF100,H,H_OLD1,100-0001-001,S02,202073,73,1,11072.0
BIZ1,SF100,H,H_OLD1,100-0001-001,S01,202074,74,3,16832.0
BIZ1,SF100,H,H_OLD1,100-0001-001,S02,202074,74,0,11222.0
BIZ1,SF100,H,H_OLD1,100-0001-001,S01,202075,75,1,17057.0
BIZ1,SF100,H,H_OLD1,100-0001-001,S02,202075,75,1,11371.0
BIZ1,SF100,H,H_OLD1,100-0001-001,S01,202076,76,2,17281.0
BIZ1,SF100,H,H_OLD1,100-0001-001,S02,202076,76,0,11521.0
BIZ1,SF100,H,H_OLD1,100-0001-001,S01,202077,77,1,17506.0
BIZ1,SF100,H,H_OLD1,100-0001-001,S02,202077,77,0,11670.0
BIZ1,SF100,H,H_OLD1,100-0001-001,S01,202078,78,3,17731.0
BIZ1,SF100,H,H_OLD1,100-0001-001,S02,202078,78,0,11820.0
BIZ1,SF100,H,H_OLD1,100-0001-001,S01,202079,79,1,17955.0
BIZ1,SF100,H,H_OLD1,100-0001-001,S02,202079,79,0,11970.0
BIZ1,SF100,H,H_OLD1,100-0001-001,S01,202080,80,2,18179.0
BIZ1,SF100,H,H_OLD1,100-0001-001,S02,202080,80,0,12120.0
BIZ1,SF100,H,H_OLD1,100-0001-001,S01,202081,81,2,18404.0
BIZ1,SF100,H,H_OLD1,100-0001-001,S02,202081,81,1,12269.0
BIZ1,SF100,H,H_OLD1,100-0001-001,S01,202082,82,1,18629.0
BIZ1,SF100,H,H_OLD1,100-0001-001,S02,202082,82,1,12419.0
BIZ1,SF100,H,H_OLD1,100-0001-001,S01,202083,83,2,18853.0
BIZ1,SF100,H,H_OLD1,100-0001-001,S02,202083,83,0,12569.0
BIZ1,SF100,H,H_OLD1,100-0001-001,S01,202084,84,2,19078.0
BIZ1,SF100,H,H_OLD1,100-0001-001,S02,202084,84,2,12718.0
BIZ1,SF100,H,H_OLD1,100-0001-001,S01,202085,85,5,19302.0
BIZ1,SF100,H,H_OLD1,100-0001-001,S02,202085,85,2,12868.0
BIZ1,SF100,H,H_OLD1,100-0001-001,S01,202086,86,2,19527.0
BIZ1,SF100,H,H_OLD1,100-0001-001,S02,202086,86,1,13018.0
BIZ1,SF100,H,H_OLD1,100-0001-001,S01,202087,87,1,19751.0
BIZ1,SF100,H,H_OLD1,100-0001-001,S02,202087,87,0,13168.0
BIZ1,SF100,H,H_OLD1,100-0001-001,S01,202088,88,5,19976.0
BIZ1,SF100,H,H_OLD1,100-0001-001,S02,202088,88,0,13317.0
BIZ1,SF100,H,H_OLD1,100-0001-001,S01,202089,89,4,20200.0
BIZ1,SF100,H,H_OLD1,100-0001-001,S02,202089,89,2,13467.0
BIZ1,SF100,H,H_OLD1,100-0001-001,S01,202090,90,2,20425.0
BIZ1,SF100,H,H_OLD1,100-0001-001,S02,202090,90,2,13617.0
BIZ1,SF100,H,H_OLD1,100-0001-001,S01,202091,91,1,20650.0
BIZ1,SF100,H,H_OLD1,100-0001-001,S02,202091,91,3,13766.0
BIZ1,SF100,H,H_OLD1,100-0001-001,S01,202092,92,5,20874.0
BIZ1,SF100,H,H_OLD1,100-0001-001,S02,202092,92,1,13916.0
BIZ1,SF100,H,H_OLD1,100-0001-001,S01,202093,93,3,21098.0
BIZ1,SF100,H,H_OLD1,100-0001-001,S02,202093,93,3,14066.0
BIZ1,SF100,H,H_OLD1,100-0001-001,S01,202094,94,2,21323.0
BIZ1,SF100,H,H_OLD1,100-0001-001,S02,202094,94,1,14216.0
BIZ1,SF100,H,H_OLD1,100-0001-001,S01,202095,95,2,21548.0
BIZ1,SF100,H,H_OLD1,100-0001-001,S02,202095,95,1,14365.0
BIZ1,SF100,H,H_OLD2,100-0001-001,S01,202000,0,1,213.0
BIZ1,SF100,H,H_OLD2,100-0001-001,S02,202000,0,0,142.0
BIZ1,SF100,H,H_OLD2,100-0001-001,S01,202001,1,0,435.0
BIZ1,SF100,H,H_OLD2,100-0001-001,S02,202001,1,0,290.0
BIZ1,SF100,H,H_OLD2,100-0001-001,S01,202002,2,0,657.0
BIZ1,SF100,H,H_OLD2,100-0001-001,S02,202002,2,0,438.0
BIZ1,SF100,H,H_OLD2,100-0001-001,S01,202003,3,1,879.0
BIZ1,SF100,H,H_OLD2,100-0001-001,S02,202003,3,0,586.0
BIZ1,SF100,H,H_OLD2,100-0001-001,S01,202004,4,1,1101.0
BIZ1,SF100,H,H_OLD2,100-0001-001,S02,202004,4,0,734.0
BIZ1,SF100,H,H_OLD2,100-0001-001,S01,202005,5,1,1323.0
BIZ1,SF100,H,H_OLD2,100-0001-001,S02,202005,5,0,882.0
BIZ1,SF100,H,H_OLD2,100-0001-001,S01,202006,6,0,1545.0
BIZ1,SF100,H,H_OLD2,100-0001-001,S02,202006,6,1,1030.0
BIZ1,SF100,H,H_OLD2,100-0001-001,S01,202007,7,1,1767.0
BIZ1,SF100,H,H_OLD2,100-0001-001,S02,202007,7,0,1178.0
BIZ1,SF100,H,H_OLD2,100-0001-001,S01,202008,8,1,1988.0
BIZ1,SF100,H,H_OLD2,100-0001-001,S02,202008,8,0,1326.0
BIZ1,SF100,H,H_OLD2,100-0001-001,S01,202009,9,0,2210.0
BIZ1,SF100,H,H_OLD2,100-0001-001,S02,202009,9,1,1474.0
BIZ1,SF100,H,H_OLD2,100-0001-001,S01,202010,10,0,2432.0
BIZ1,SF100,H,H_OLD2,100-0001-001,S02,202010,10,0,1622.0
BIZ1,SF100,H,H_OLD2,100-0001-001,S01,202011,11,1,2654.0
BIZ1,SF100,H,H_OLD2,100-0001-001,S02,202011,11,0,1770.0
BIZ1,SF100,H,H_OLD2,100-0001-001,S01,202012,12,0,2876.0
BIZ1,SF100,H,H_OLD2,100-0001-001,S02,202012,12,0,1918.0
BIZ1,SF100,H,H_OLD2,100-0001-001,S01,202013,13,0,3098.0
BIZ1,SF100,H,H_OLD2,100-0001-001,S02,202013,13,0,2066.0
BIZ1,SF100,H,H_OLD2,100-0001-001,S01,202014,14,0,3320.0
BIZ1,SF100,H,H_OLD2,100-0001-001,S02,202014,14,0,2214.0
BIZ1,SF100,H,H_OLD2,100-0001-001,S01,202015,15,1,3542.0
BIZ1,SF100,H,H_OLD2,100-0001-001,S02,202015,15,0,2362.0
BIZ1,SF100,H,H_OLD2,100-0001-001,S01,202016,16,0,3764.0
BIZ1,SF100,H,H_OLD2,100-0001-001,S02,202016,16,0,2510.0
BIZ1,SF100,H,H_OLD2,100-0001-001,S01,202017,17,1,3986.0
BIZ1,SF100,H,H_OLD2,100-0001-001,S02,202017,17,0,2658.0
BIZ1,SF100,H,H_OLD2,100-0001-001,S01,202018,18,0,4208.0
BIZ1,SF100,H,H_OLD2,100-0001-001,S02,202018,18,0,2806.0
BIZ1,SF100,H,H_OLD2,100-0001-001,S01,202019,19,1,4430.0
BIZ1,SF100,H,H_OLD2,100-0001-001,S02,202019,19,0,2954.0
BIZ1,SF100,H,H_OLD2,100-0001-001,S01,202020,20,1,4652.0
BIZ1,SF100,H,H_OLD2,100-0001-001,S02,202020,20,0,3102.0
BIZ1,SF100,H,H_OLD2,100-0001-001,S01,202021,21,0,4874.0
BIZ1,SF100,H,H_OLD2,100-0001-001,S02,202021,21,1,3250.0
BIZ1,SF100,H,H_OLD2,100-0001-001,S01,202022,22,0,5096.0
BIZ1,SF100,H,H_OLD2,100-0001-001,S02,202022,22,1,3397.0
BIZ1,SF100,H,H_OLD2,100-0001-001,S01,202023,23,1,5318.0
BIZ1,SF100,H,H_OLD2,100-0001-001,S02,202023,23,1,3545.0
BIZ1,SF100,H,H_OLD2,100-0001-001,S01,202024,24,0,5540.0
BIZ1,SF100,H,H_OLD2,100-0001-001,S02,202024,24,0,3693.0
BIZ1,SF100,H,H_OLD2,100-0001-001,S01,202025,25,0,5762.0
BIZ1,SF100,H,H_OLD2,100-0001-001,S02,202025,25,0,3841.0
BIZ1,SF100,H,H_OLD2,100-0001-001,S01,202026,26,0,5984.0
BIZ1,SF100,H,H_OLD2,100-0001-001,S02,202026,26,0,3989.0
BIZ1,SF100,H,H_OLD2,100-0001-001,S01,202027,27,0,6206.0
BIZ1,SF100,H,H_OLD2,100-0001-001,S02,202027,27,1,4137.0
BIZ1,SF100,H,H_OLD2,100-0001-001,S01,202028,28,0,6428.0
BIZ1,SF100,H,H_OLD2,100-0001-001,S02,202028,28,1,4285.0
BIZ1,SF100,H,H_OLD2,100-0001-001,S01,202029,29,0,6650.0
BIZ1,SF100,H,H_OLD2,100-0001-001,S02,202029,29,0,4433.0
BIZ1,SF100,H,H_OLD2,100-0001-001,S01,202030,30,1,6872.0
BIZ1,SF100,H,H_OLD2,100-0001-001,S02,202030,30,0,4581.0
BIZ1,SF100,H,H_OLD2,100-0001-001,S01,202031,31,1,7094.0
BIZ1,SF100,H,H_OLD2,100-0001-001,S02,202031,31,1,4729.0
BIZ1,SF100,H,H_OLD2,100-0001-001,S01,202032,32,0,7316.0
BIZ1,SF100,H,H_OLD2,100-0001-001,S02,202032,32,0,4877.0
BIZ1,SF100,H,H_OLD2,100-0001-001,S01,202033,33,1,7538.0
BIZ1,SF100,H,H_OLD2,100-0001-001,S02,202033,33,1,5025.0
BIZ1,SF100,H,H_OLD2,100-0001-001,S01,202034,34,2,7760.0
BIZ1,SF100,H,H_OLD2,100-0001-001,S02,202034,34,0,5173.0
BIZ1,SF100,H,H_OLD2,100-0001-001,S01,202035,35,1,7982.0
BIZ1,SF100,H,H_OLD2,100-0001-001,S02,202035,35,0,5321.0
BIZ1,SF100,H,H_OLD2,100-0001-001,S01,202036,36,1,8204.0
BIZ1,SF100,H,H_OLD2,100-0001-001,S02,202036,36,0,5469.0
BIZ1,SF100,H,H_OLD2,100-0001-001,S01,202037,37,1,8425.0
BIZ1,SF100,H,H_OLD2,100-0001-001,S02,202037,37,2,5617.0
BIZ1,SF100,H,H_OLD2,100-0001-001,S01,202038,38,2,8647.0
BIZ1,SF100,H,H_OLD2,100-0001-001,S02,202038,38,0,5765.0
BIZ1,SF100,H,H_OLD2,100-0001-001,S01,202039,39,1,8869.0
BIZ1,SF100,H,H_OLD2,100-0001-001,S02,202039,39,0,5913.0
BIZ1,SF100,H,H_OLD2,100-0001-001,S01,202040,40,1,9091.0
BIZ1,SF100,H,H_OLD2,100-0001-001,S02,202040,40,2,6061.0
BIZ1,SF100,H,H_OLD2,100-0001-001,S01,202041,41,1,9313.0
BIZ1,SF100,H,H_OLD2,100-0001-001,S02,202041,41,1,6209.0
BIZ1,SF100,H,H_OLD2,100-0001-001,S01,202042,42,0,9535.0
BIZ1,SF100,H,H_OLD2,100-0001-001,S02,202042,42,2,6357.0
BIZ1,SF100,H,H_OLD2,100-0001-001,S01,202043,43,1,9757.0
BIZ1,SF100,H,H_OLD2,100-0001-001,S02,202043,43,1,6505.0
BIZ1,SF100,H,H_OLD2,100-0001-001,S01,202044,44,2,9979.0
BIZ1,SF100,H,H_OLD2,100-0001-001,S02,202044,44,1,6653.0
BIZ1,SF100,H,H_OLD2,100-0001-001,S01,202045,45,4,10201.0
BIZ1,SF100,H,H_OLD2,100-0001-001,S02,202045,45,3,6801.0
BIZ1,SF100,H,H_OLD2,100-0001-001,S01,202046,46,1,10423.0
BIZ1,SF100,H,H_OLD2,100-0001-001,S02,202046,46,0,6949.0
BIZ1,SF100,H,H_OLD2,100-0001-001,S01,202047,47,2,10645.0
BIZ1,SF100,H,H_OLD2,100-0001-001,S02,202047,47,2,7097.0
BIZ1,SF100,H,H_OLD2,100-0001-001,S01,202048,48,0,10867.0
BIZ1,SF100,H,H_OLD2,100-0001-001,S02,202048,48,2,7245.0
BIZ1,SF100,H,H_OLD2,100-0001-001,S01,202049,49,3,11089.0
BIZ1,SF100,H,H_OLD2,100-0001-001,S02,202049,49,1,7393.0
BIZ1,SF100,H,H_OLD2,100-0001-001,S01,202050,50,0,11311.0
BIZ1,SF100,H,H_OLD2,100-0001-001,S02,202050,50,0,7541.0
BIZ1,SF100,H,H_OLD2,100-0001-001,S01,202051,51,1,11533.0
BIZ1,SF100,H,H_OLD2,100-0001-001,S02,202051,51,2,7688.0
BIZ1,SF100,H,H_OLD2,100-0001-001,S01,202052,52,4,11755.0
BIZ1,SF100,H,H_OLD2,100-0001-001,S02,202052,52,0,7836.0
BIZ1,SF100,H,H_OLD2,100-0001-001,S01,202053,53,1,11977.0
BIZ1,SF100,H,H_OLD2,100-0001-001,S02,202053,53,0,7984.0
BIZ1,SF100,H,H_OLD2,100-0001-001,S01,202054,54,0,12199.0
BIZ1,SF100,H,H_OLD2,100-0001-001,S02,202054,54,2,8132.0
BIZ1,SF100,H,H_OLD2,100-0001-001,S01,202055,55,2,12421.0
BIZ1,SF100,H,H_OLD2,100-0001-001,S02,202055,55,0,8280.0
BIZ1,SF100,H,H_OLD2,100-0001-001,S01,202056,56,1,12643.0
BIZ1,SF100,H,H_OLD2,100-0001-001,S02,202056,56,0,8428.0
BIZ1,SF100,H,H_OLD2,100-0001-001,S01,202057,57,1,12865.0
BIZ1,SF100,H,H_OLD2,100-0001-001,S02,202057,57,3,8576.0
BIZ1,SF100,H,H_OLD2,100-0001-001,S01,202058,58,1,13087.0
BIZ1,SF100,H,H_OLD2,100-0001-001,S02,202058,58,2,8724.0
BIZ1,SF100,H,H_OLD2,100-0001-001,S01,202059,59,2,13309.0
BIZ1,SF100,H,H_OLD2,100-0001-001,S02,202059,59,1,8872.0
BIZ1,SF100,H,H_OLD2,100-0001-001,S01,202060,60,0,13531.0
BIZ1,SF100,H,H_OLD2,100-0001-001,S02,202060,60,1,9020.0
BIZ1,SF100,H,H_OLD2,100-0001-001,S01,202061,61,0,13753.0
BIZ1,SF100,H,H_OLD2,100-0001-001,S02,202061,61,3,9168.0
BIZ1,SF100,H,H_OLD2,100-0001-001,S01,202062,62,0,13975.0
BIZ1,SF100,H,H_OLD2,100-0001-001,S02,202062,62,1,9316.0
BIZ1,SF100,H,H_OLD2,100-0001-001,S01,202063,63,2,14197.0
BIZ1,SF100,H,H_OLD2,100-0001-001,S02,202063,63,0,9464.0
BIZ1,SF100,H,H_OLD2,100-0001-001,S01,202064,64,3,14419.0
BIZ1,SF100,H,H_OLD2,100-0001-001,S02,202064,64,0,9612.0
BIZ1,SF100,H,H_OLD2,100-0001-001,S01,202065,65,2,14641.0
BIZ1,SF100,H,H_OLD2,100-0001-001,S02,202065,65,1,9760.0
BIZ1,SF100,H,H_OLD2,100-0001-001,S01,202066,66,3,14862.0
BIZ1,SF100,H,H_OLD2,100-0001-001,S02,202066,66,0,9908.0
BIZ1,SF100,H,H_OLD2,100-0001-001,S01,202067,67,2,15084.0
BIZ1,SF100,H,H_OLD2,100-0001-001,S02,202067,67,2,10056.0
BIZ1,SF100,H,H_OLD2,100-0001-001,S01,202068,68,1,15306.0
BIZ1,SF100,H,H_OLD2,100-0001-001,S02,202068,68,2,10204.0
BIZ1,SF100,H,H_OLD2,100-0001-001,S01,202069,69,4,15528.0
BIZ1,SF100,H,H_OLD2,100-0001-001,S02,202069,69,1,10352.0
BIZ1,SF100,H,H_OLD2,100-0001-001,S01,202070,70,6,15750.0
BIZ1,SF100,H,H_OLD2,100-0001-001,S02,202070,70,1,10500.0
BIZ1,SF100,H,H_OLD2,100-0001-001,S01,202071,71,4,15972.0
BIZ1,SF100,H,H_OLD2,100-0001-001,S02,202071,71,2,10648.0
BIZ1,SF100,H,H_OLD2,100-0001-001,S01,202072,72,1,16194.0
BIZ1,SF100,H,H_OLD2,100-0001-001,S02,202072,72,1,10796.0
BIZ1,SF100,H,H_OLD2,100-0001-001,S01,202073,73,0,16416.0
BIZ1,SF100,H,H_OLD2,100-0001-001,S02,202073,73,1,10944.0
BIZ1,SF100,H,H_OLD2,100-0001-001,S01,202074,74,2,16638.0
BIZ1,SF100,H,H_OLD2,100-0001-001,S02,202074,74,1,11092.0
BIZ1,SF100,H,H_OLD2,100-0001-001,S01,202075,75,3,16860.0
BIZ1,SF100,H,H_OLD2,100-0001-001,S02,202075,75,2,11240.0
BIZ1,SF100,H,H_OLD2,100-0001-001,S01,202076,76,1,17082.0
BIZ1,SF100,H,H_OLD2,100-0001-001,S02,202076,76,3,11388.0
BIZ1,SF100,H,H_OLD2,100-0001-001,S01,202077,77,1,17304.0
BIZ1,SF100,H,H_OLD2,100-0001-001,S02,202077,77,2,11536.0
BIZ1,SF100,H,H_OLD2,100-0001-001,S01,202078,78,0,17526.0
BIZ1,SF100,H,H_OLD2,100-0001-001,S02,202078,78,0,11684.0
BIZ1,SF100,H,H_OLD2,100-0001-001,S01,202079,79,4,17748.0
BIZ1,SF100,H,H_OLD2,100-0001-001,S02,202079,79,1,11832.0
BIZ1,SF100,H,H_OLD2,100-0001-001,S01,202080,80,1,17969.0
BIZ1,SF100,H,H_OLD2,100-0001-001,S02,202080,80,1,11980.0
BIZ1,SF100,H,H_OLD2,100-0001-001,S01,202081,81,2,18191.0
BIZ1,SF100,H,H_OLD2,100-0001-001,S02,202081,81,3,12128.0
BIZ1,SF100,H,H_OLD2,100-0001-001,S01,202082,82,2,18413.0
BIZ1,SF100,H,H_OLD2,100-0001-001,S02,202082,82,3,12276.0
BIZ1,SF100,H,H_OLD2,100-0001-001,S01,202083,83,3,18635.0
BIZ1,SF100,H,H_OLD2,100-0001-001,S02,202083,83,1,12424.0
BIZ1,SF100,H,H_OLD2,100-0001-001,S01,202084,84,4,18857.0
BIZ1,SF100,H,H_OLD2,100-0001-001,S02,202084,84,1,12572.0
BIZ1,SF100,H,H_OLD2,100-0001-001,S01,202085,85,1,19079.0
BIZ1,SF100,H,H_OLD2,100-0001-001,S02,202085,85,1,12720.0
BIZ1,SF100,H,H_OLD2,100-0001-001,S01,202086,86,1,19301.0
BIZ1,SF100,H,H_OLD2,100-0001-001,S02,202086,86,1,12868.0
BIZ1,SF100,H,H_OLD2,100-0001-001,S01,202087,87,2,19523.0
BIZ1,SF100,H,H_OLD2,100-0001-001,S02,202087,87,1,13016.0
BIZ1,SF100,H,H_OLD2,100-0001-001,S01,202088,88,3,19745.0
BIZ1,SF100,H,H_OLD2,100-0001-001,S02,202088,88,3,13164.0
BIZ1,SF100,H,H_OLD2,100-0001-001,S01,202089,89,2,19967.0
BIZ1,SF100,H,H_OLD2,100-0001-001,S02,202089,89,2,13312.0
BIZ1,SF100,H,H_OLD2,100-0001-001,S01,202090,90,1,20189.0
BIZ1,SF100,H,H_OLD2,100-0001-001,S02,202090,90,1,13460.0
BIZ1,SF100,H,H_OLD2,100-0001-001,S01,202091,91,3,20411.0
BIZ1,SF100,H,H_OLD2,100-0001-001,S02,202091,91,2,13608.0
BIZ1,SF100,H,H_OLD2,100-0001-001,S01,202092,92,5,20633.0
BIZ1,SF100,H,H_OLD2,100-0001-001,S02,202092,92,1,13756.0
BIZ1,SF100,H,H_OLD2,100-0001-001,S01,202093,93,2,20855.0
BIZ1,SF100,H,H_OLD2,100-0001-001,S02,202093,93,0,13904.0
BIZ1,SF100,H,H_OLD2,100-0001-001,S01,202094,94,0,21077.0
BIZ1,SF100,H,H_OLD2,100-0001-001,S02,202094,94,0,14052.0
BIZ1,SF100,H,H_OLD2,100-0001-001,S01,202095,95,1,21299.0
BIZ1,SF100,H,H_OLD2,100-0001-001,S02,202095,95,1,14199.0
BIZ1,SF100,L,L_OLD0,100-0001-001,S01,202000,0,0,154.0
BIZ1,SF100,L,L_OLD0,100-0001-001,S02,202000,0,0,103.0
BIZ1,SF100,L,L_OLD0,100-0001-001,S01,202001,1,0,314.0
BIZ1,SF100,L,L_OLD0,100-0001-001,S02,202001,1,0,210.0
BIZ1,SF100,L,L_OLD0,100-0001-001,S01,202002,2,0,475.0
BIZ1,SF100,L,L_OLD0,100-0001-001,S02,202002,2,0,317.0
BIZ1,SF100,L,L_OLD0,100-0001-001,S01,202003,3,0,636.0
BIZ1,SF100,L,L_OLD0,100-0001-001,S02,202003,3,0,424.0
BIZ1,SF100,L,L_OLD0,100-0001-001,S01,202004,4,0,796.0
BIZ1,SF100,L,L_OLD0,100-0001-001,S02,202004,4,1,531.0
BIZ1,SF100,L,L_OLD0,100-0001-001,S01,202005,5,1,957.0
BIZ1,SF100,L,L_OLD0,100-0001-001,S02,202005,5,1,638.0
BIZ1,SF100,L,L_OLD0,100-0001-001,S01,202006,6,0,1117.0
BIZ1,SF100,L,L_OLD0,100-0001-001,S02,202006,6,1,745.0
BIZ1,SF100,L,L_OLD0,100-0001-001,S01,202007,7,0,1278.0
BIZ1,SF100,L,L_OLD0,100-0001-001,S02,202007,7,0,852.0
BIZ1,SF100,L,L_OLD0,100-0001-001,S01,202008,8,1,1439.0
BIZ1,SF100,L,L_OLD0,100-0001-001,S02,202008,8,0,959.0
BIZ1,SF100,L,L_OLD0,100-0001-001,S01,202009,9,0,1599.0
BIZ1,SF100,L,L_OLD0,100-0001-001,S02,202009,9,0,1066.0
BIZ1,SF100,L,L_OLD0,100-0001-001,S01,202010,10,0,1760.0
BIZ1,SF100,L,L_OLD0,100-0001-001,S02,202010,10,0,1173.0
BIZ1,SF100,L,L_OLD0,100-0001-001,S01,202011,11,0,1920.0
BIZ1,SF100,L,L_OLD0,100-0001-001,S02,202011,11,0,1280.0
BIZ1,SF100,L,L_OLD0,100-0001-001,S01,202012,12,0,2081.0
BIZ1,SF100,L,L_OLD0,100-0001-001,S02,202012,12,0,1387.0
BIZ1,SF100,L,L_OLD0,100-0001-001,S01,202013,13,1,2242.0
BIZ1,SF100,L,L_OLD0,100-0001-001,S02,202013,13,0,1494.0
BIZ1,SF100,L,L_OLD0,100-0001-001,S01,202014,14,1,2402.0
BIZ1,SF100,L,L_OLD0,100-0001-001,S02,202014,14,1,1601.0
BIZ1,SF100,L,L_OLD0,100-0001-001,S01,202015,15,0,2563.0
BIZ1,SF100,L,L_OLD0,100-0001-001,S02,202015,15,0,1708.0
BIZ1,SF100,L,L_OLD0,100-0001-001,S01,202016,16,0,2723.0
BIZ1,SF100,L,L_OLD0,100-0001-001,S02,202016,16,0,1815.0
BIZ1,SF100,L,L_OLD0,100-0001-001,S01,202017,17,1,2884.0
BIZ1,SF100,L,L_OLD0,100-0001-001,S02,202017,17,0,1922.0
BIZ1,SF100,L,L_OLD0,100-0001-001,S01,202018,18,0,3044.0
BIZ1,SF100,L,L_OLD0,100-0001-001,S02,202018,18,0,2030.0
BIZ1,SF100,L,L_OLD0,100-0001-001,S01,202019,19,0,3205.0
BIZ1,SF100,L,L_OLD0,100-0001-001,S02,202019,19,0,2136.0
BIZ1,SF100,L,L_OLD0,100-0001-001,S01,202020,20,1,3365.0
BIZ1,SF100,L,L_OLD0,100-0001-001,S02,202020,20,0,2244.0
BIZ1,SF100,L,L_OLD0,100-0001-001,S01,202021,21,0,3526.0
BIZ1,SF100,L,L_OLD0,100-0001-001,S02,202021,21,0,2350.0
BIZ1,SF100,L,L_OLD0,100-0001-001,S01,202022,22,0,3686.0
BIZ1,SF100,L,L_OLD0,100-0001-001,S02,202022,22,0,2458.0
BIZ1,SF100,L,L_OLD0,100-0001-001,S01,202023,23,0,3847.0
BIZ1,SF100,L,L_OLD0,100-0001-001,S02,202023,23,0,2565.0
BIZ1,SF100,L,L_OLD0,100-0001-001,S01,202024,24,0,4007.0
BIZ1,SF100,L,L_OLD0,100-0001-001,S02,202024,24,0,2672.0
BIZ1,SF100,L,L_OLD0,100-0001-001,S01,202025,25,0,4168.0
BIZ1,SF100,L,L_OLD0,100-0001-001,S02,202025,25,1,2779.0
BIZ1,SF100,L,L_OLD0,100-0001-001,S01,202026,26,0,4328.0
BIZ1,SF100,L,L_OLD0,100-0001-001,S02,202026,26,0,2886.0
BIZ1,SF100,L,L_OLD0,100-0001-001,S01,202027,27,0,4489.0
BIZ1,SF100,L,L_OLD0,100-0001-001,S02,202027,27,0,2993.0
BIZ1,SF100,L,L_OLD0,100-0001-001,S01,202028,28,0,4650.0
BIZ1,SF100,L,L_OLD0,100-0001-001,S02,202028,28,0,3100.0
BIZ1,SF100,L,L_OLD0,100-0001-001,S01,202029,29,1,4810.0
BIZ1,SF100,L,L_OLD0,100-0001-001,S02,202029,29,1,3207.0
BIZ1,SF100,L,L_OLD0,100-0001-001,S01,202030,30,0,4971.0
BIZ1,SF100,L,L_OLD0,100-0001-001,S02,202030,30,0,3314.0
BIZ1,SF100,L,L_OLD0,100-0001-001,S01,202031,31,0,5131.0
BIZ1,SF100,L,L_OLD0,100-0001-001,S02,202031,31,0,3421.0
BIZ1,SF100,L,L_OLD0,100-0001-001,S01,202032,32,0,5292.0
BIZ1,SF100,L,L_OLD0,100-0001-001,S02,202032,32,2,3528.0
BIZ1,SF100,L,L_OLD0,100-0001-001,S01,202033,33,0,5453.0
BIZ1,SF100,L,L_OLD0,100-0001-001,S02,202033,33,0,3635.0
BIZ1,SF100,L,L_OLD0,100-0001-001,S01,202034,34,0,5613.0
BIZ1,SF100,L,L_OLD0,100-0001-001,S02,202034,34,0,3742.0
BIZ1,SF100,L,L_OLD0,100-0001-001,S01,202035,35,0,5774.0
BIZ1,SF100,L,L_OLD0,100-0001-001,S02,202035,35,0,3849.0
BIZ1,SF100,L,L_OLD0,100-0001-001,S01,202036,36,1,5934.0
BIZ1,SF100,L,L_OLD0,100-0001-001,S02,202036,36,1,3956.0
BIZ1,SF100,L,L_OLD0,100-0001-001,S01,202037,37,0,6095.0
BIZ1,SF100,L,L_OLD0,100-0001-001,S02,202037,37,1,4063.0
BIZ1,SF100,L,L_OLD0,100-0001-001,S01,202038,38,0,6256.0
BIZ1,SF100,L,L_OLD0,100-0001-001,S02,202038,38,0,4170.0
BIZ1,SF100,L,L_OLD0,100-0001-001,S01,202039,39,1,6416.0
BIZ1,SF100,L,L_OLD0,100-0001-001,S02,202039,39,0,4277.0
BIZ1,SF100,L,L_OLD0,100-0001-001,S01,202040,40,2,6577.0
BIZ1,SF100,L,L_OLD0,100-0001-001,S02,202040,40,0,4384.0
BIZ1,SF100,L,L_OLD0,100-0001-001,S01,202041,41,1,6737.0
BIZ1,SF100,L,L_OLD0,100-0001-001,S02,202041,41,0,4491.0
BIZ1,SF100,L,L_OLD0,100-0001-001,S01,202042,42,1,6898.0
BIZ1,SF100,L,L_OLD0,100-0001-001,S02,202042,42,0,4598.0
BIZ1,SF100,L,L_OLD0,100-0001-001,S01,202043,43,1,7058.0
BIZ1,SF100,L,L_OLD0,100-0001-001,S02,202043,43,1,4706.0
BIZ1,SF100,L,L_OLD0,100-0001-001,S01,202044,44,0,7219.0
BIZ1,SF100,L,L_OLD0,100-0001-001,S02,202044,44,0,4812.0
BIZ1,SF100,L,L_OLD0,100-0001-001,S01,202045,45,1,7379.0
BIZ1,SF100,L,L_OLD0,100-0001-001,S02,202045,45,0,4920.0
BIZ1,SF100,L,L_OLD0,100-0001-001,S01,202046,46,0,7540.0
BIZ1,SF100,L,L_OLD0,100-0001-001,S02,202046,46,1,5026.0
BIZ1,SF100,L,L_OLD0,100-0001-001,S01,202047,47,1,7700.0
BIZ1,SF100,L,L_OLD0,100-0001-001,S02,202047,47,0,5134.0
BIZ1,SF100,L,L_OLD0,100-0001-001,S01,202048,48,0,7861.0
BIZ1,SF100,L,L_OLD0,100-0001-001,S02,202048,48,0,5241.0
BIZ1,SF100,L,L_OLD0,100-0001-001,S01,202049,49,1,8021.0
BIZ1,SF100,L,L_OLD0,100-0001-001,S02,202049,49,0,5348.0
BIZ1,SF100,L,L_OLD0,100-0001-001,S01,202050,50,1,8182.0
BIZ1,SF100,L,L_OLD0,100-0001-001,S02,202050,50,2,5455.0
BIZ1,SF100,L,L_OLD0,100-0001-001,S01,202051,51,0,8342.0
BIZ1,SF100,L,L_OLD0,100-0001-001,S02,202051,51,0,5562.0
BIZ1,SF100,L,L_OLD0,100-0001-001,S01,202052,52,1,8503.0
BIZ1,SF100,L,L_OLD0,100-0001-001,S02,202052,52,1,5669.0
BIZ1,SF100,L,L_OLD0,100-0001-001,S01,202053,53,0,8664.0
BIZ1,SF100,L,L_OLD0,100-0001-001,S02,202053,53,1,5776.0
BIZ1,SF100,L,L_OLD0,100-0001-001,S01,202054,54,1,8824.0
BIZ1,SF100,L,L_OLD0,100-0001-001,S02,202054,54,2,5883.0
BIZ1,SF100,L,L_OLD0,100-0001-001,S01,202055,55,2,8985.0
BIZ1,SF100,L,L_OLD0,100-0001-001,S02,202055,55,2,5990.0
BIZ1,SF100,L,L_OLD0,100-0001-001,S01,202056,56,2,9145.0
BIZ1,SF100,L,L_OLD0,100-0001-001,S02,202056,56,0,6097.0
BIZ1,SF100,L,L_OLD0,100-0001-001,S01,202057,57,0,9306.0
BIZ1,SF100,L,L_OLD0,100-0001-001,S02,202057,57,0,6204.0
BIZ1,SF100,L,L_OLD0,100-0001-001,S01,202058,58,0,9467.0
BIZ1,SF100,L,L_OLD0,100-0001-001,S02,202058,58,1,6311.0
BIZ1,SF100,L,L_OLD0,100-0001-001,S01,202059,59,0,9627.0
BIZ1,SF100,L,L_OLD0,100-0001-001,S02,202059,59,0,6418.0
BIZ1,SF100,L,L_OLD0,100-0001-001,S01,202060,60,4,9788.0
BIZ1,SF100,L,L_OLD0,100-0001-001,S02,202060,60,0,6525.0
BIZ1,SF100,L,L_OLD0,100-0001-001,S01,202061,61,0,9948.0
BIZ1,SF100,L,L_OLD0,100-0001-001,S02,202061,61,1,6632.0
BIZ1,SF100,L,L_OLD0,100-0001-001,S01,202062,62,0,10109.0
BIZ1,SF100,L,L_OLD0,100-0001-001,S02,202062,62,0,6739.0
BIZ1,SF100,L,L_OLD0,100-0001-001,S01,202063,63,1,10270.0
BIZ1,SF100,L,L_OLD0,100-0001-001,S02,202063,63,0,6846.0
BIZ1,SF100,L,L_OLD0,100-0001-001,S01,202064,64,1,10430.0
BIZ1,SF100,L,L_OLD0,100-0001-001,S02,202064,64,0,6953.0
BIZ1,SF100,L,L_OLD0,100-0001-001,S01,202065,65,1,10591.0
BIZ1,SF100,L,L_OLD0,100-0001-001,S02,202065,65,0,7060.0
BIZ1,SF100,L,L_OLD0,100-0001-001,S01,202066,66,1,10751.0
BIZ1,SF100,L,L_OLD0,100-0001-001,S02,202066,66,0,7167.0
BIZ1,SF100,L,L_OLD0,100-0001-001,S01,202067,67,0,10912.0
BIZ1,SF100,L,L_OLD0,100-0001-001,S02,202067,67,1,7274.0
BIZ1,SF100,L,L_OLD0,100-0001-001,S01,202068,68,0,11072.0
BIZ1,SF100,L,L_OLD0,100-0001-001,S02,202068,68,0,7382.0
BIZ1,SF100,L,L_OLD0,100-0001-001,S01,202069,69,1,11233.0
BIZ1,SF100,L,L_OLD0,100-0001-001,S02,202069,69,1,7488.0
BIZ1,SF100,L,L_OLD0,100-0001-001,S01,202070,70,1,11393.0
BIZ1,SF100,L,L_OLD0,100-0001-001,S02,202070,70,1,7596.0
BIZ1,SF100,L,L_OLD0,100-0001-001,S01,202071,71,1,11554.0
BIZ1,SF100,L,L_OLD0,100-0001-001,S02,202071,71,0,7702.0
BIZ1,SF100,L,L_OLD0,100-0001-001,S01,202072,72,1,11714.0
BIZ1,SF100,L,L_OLD0,100-0001-001,S02,202072,72,1,7810.0
BIZ1,SF100,L,L_OLD0,100-0001-001,S01,202073,73,1,11875.0
BIZ1,SF100,L,L_OLD0,100-0001-001,S02,202073,73,0,7916.0
BIZ1,SF100,L,L_OLD0,100-0001-001,S01,202074,74,0,12035.0
BIZ1,SF100,L,L_OLD0,100-0001-001,S02,202074,74,1,8024.0
BIZ1,SF100,L,L_OLD0,100-0001-001,S01,202075,75,1,12196.0
BIZ1,SF100,L,L_OLD0,100-0001-001,S02,202075,75,0,8131.0
BIZ1,SF100,L,L_OLD0,100-0001-001,S01,202076,76,1,12356.0
BIZ1,SF100,L,L_OLD0,100-0001-001,S02,202076,76,0,8238.0
BIZ1,SF100,L,L_OLD0,100-0001-001,S01,202077,77,0,12517.0
BIZ1,SF100,L,L_OLD0,100-0001-001,S02,202077,77,0,8345.0
BIZ1,SF100,L,L_OLD0,100-0001-001,S01,202078,78,1,12677.0
BIZ1,SF100,L,L_OLD0,100-0001-001,S02,202078,78,0,8452.0
BIZ1,SF100,L,L_OLD0,100-0001-001,S01,202079,79,1,12838.0
BIZ1,SF100,L,L_OLD0,100-0001-001,S02,202079,79,2,8559.0
BIZ1,SF100,L,L_OLD0,100-0001-001,S01,202080,80,0,12999.0
BIZ1,SF100,L,L_OLD0,100-0001-001,S02,202080,80,1,8666.0
BIZ1,SF100,L,L_OLD0,100-0001-001,S01,202081,81,0,13159.0
BIZ1,SF100,L,L_OLD0,100-0001-001,S02,202081,81,0,8773.0
BIZ1,SF100,L,L_OLD0,100-0001-001,S01,202082,82,1,13320.0
BIZ1,SF100,L,L_OLD0,100-0001-001,S02,202082,82,0,8880.0
BIZ1,SF100,L,L_OLD0,100-0001-001,S01,202083,83,0,13480.0
BIZ1,SF100,L,L_OLD0,100-0001-001,S02,202083,83,2,8987.0
BIZ1,SF100,L,L_OLD0,100-0001-001,S01,202084,84,3,13641.0
BIZ1,SF100,L,L_OLD0,100-0001-001,S02,202084,84,0,9094.0
BIZ1,SF100,L,L_OLD0,100-0001-001,S01,202085,85,0,13802.0
BIZ1,SF100,L,L_OLD0,100-0001-001,S02,202085,85,0,9201.0
BIZ1,SF100,L,L_OLD0,100-0001-001,S01,202086,86,0,13962.0
BIZ1,SF100,L,L_OLD0,100-0001-001,S02,202086,86,1,9308.0
BIZ1,SF100,L,L_OLD0,100-0001-001,S01,202087,87,2,14123.0
BIZ1,SF100,L,L_OLD0,100-0001-001,S02,202087,87,0,9415.0
BIZ1,SF100,L,L_OLD0,100-0001-001,S01,202088,88,0,14283.0
BIZ1,SF100,L,L_OLD0,100-0001-001,S02,202088,88,0,9522.0
BIZ1,SF100,L,L_OLD0,100-0001-001,S01,202089,89,0,14444.0
BIZ1,SF100,L,L_OLD0,100-0001-001,S02,202089,89,0,9629.0
BIZ1,SF100,L,L_OLD0,100-0001-001,S01,202090,90,2,14605.0
BIZ1,SF100,L,L_OLD0,100-0001-001,S02,202090,90,1,9736.0
BIZ1,SF100,L,L_OLD0,100-0001-001,S01,202091,91,0,14765.0
BIZ1,SF100,L,L_OLD0,100-0001-001,S02,202091,91,1,9843.0
BIZ1,SF100,L,L_OLD0,100-0001-001,S01,202092,92,1,14926.0
BIZ1,SF100,L,L_OLD0,100-0001-001,S02,202092,92,0,9950.0
BIZ1,SF100,L,L_OLD0,100-0001-001,S01,202093,93,2,15086.0
BIZ1,SF100,L,L_OLD0,100-0001-001,S02,202093,93,0,10057.0
BIZ1,SF100,L,L_OLD0,100-0001-001,S01,202094,94,1,15247.0
BIZ1,SF100,L,L_OLD0,100-0001-001,S02,202094,94,1,10164.0
BIZ1,SF100,L,L_OLD0,100-0001-001,S01,202095,95,2,15407.0
BIZ1,SF100,L,L_OLD0,100-0001-001,S02,202095,95,2,10272.0
BIZ1,SF100,L,L_OLD1,100-0001-001,S01,202000,0,0,158.0
BIZ1,SF100,L,L_OLD1,100-0001-001,S02,202000,0,0,106.0
BIZ1,SF100,L,L_OLD1,100-0001-001,S01,202001,1,0,323.0
BIZ1,SF100,L,L_OLD1,100-0001-001,S02,202001,1,0,216.0
BIZ1,SF100,L,L_OLD1,100-0001-001,S01,202002,2,0,488.0
BIZ1,SF100,L,L_OLD1,100-0001-001,S02,202002,2,0,326.0
BIZ1,SF100,L,L_OLD1,100-0001-001,S01,202003,3,0,653.0
BIZ1,SF100,L,L_OLD1,100-0001-001,S02,202003,3,0,436.0
BIZ1,SF100,L,L_OLD1,100-0001-001,S01,202004,4,0,818.0
BIZ1,SF100,L,L_OLD1,100-0001-001,S02,202004,4,0,545.0
BIZ1,SF100,L,L_OLD1,100-0001-001,S01,202005,5,0,983.0
BIZ1,SF100,L,L_OLD1,100-0001-001,S02,202005,5,0,655.0
BIZ1,SF100,L,L_OLD1,100-0001-001,S01,202006,6,0,1148.0
BIZ1,SF100,L,L_OLD1,100-0001-001,S02,202006,6,0,765.0
BIZ1,SF100,L,L_OLD1,100-0001-001,S01,202007,7,0,1313.0
BIZ1,SF100,L,L_OLD1,100-0001-001,S02,202007,7,0,875.0
BIZ1,SF100,L,L_OLD1,100-0001-001,S01,202008,8,0,1478.0
BIZ1,SF100,L,L_OLD1,100-0001-001,S02,202008,8,0,985.0
BIZ1,SF100,L,L_OLD1,100-0001-001,S01,202009,9,0,1643.0
BIZ1,SF100,L,L_OLD1,100-0001-001,S02,202009,9,0,1095.0
BIZ1,SF100,L,L_OLD1,100-0001-001,S01,202010,10,0,1808.0
BIZ1,SF100,L,L_OLD1,100-0001-001,S02,202010,10,0,1205.0
BIZ1,SF100,L,L_OLD1,100-0001-001,S01,202011,11,0,1973.0
BIZ1,SF100,L,L_OLD1,100-0001-001,S02,202011,11,0,1315.0
BIZ1,SF100,L,L_OLD1,100-0001-001,S01,202012,12,0,2138.0
BIZ1,SF100,L,L_OLD1,100-0001-001,S02,202012,12,0,1425.0
BIZ1,SF100,L,L_OLD1,100-0001-001,S01,202013,13,0,2303.0
BIZ1,SF100,L,L_OLD1,100-0001-001,S02,202013,13,0,1535.0
BIZ1,SF100,L,L_OLD1,100-0001-001,S01,202014,14,0,2467.0
BIZ1,SF100,L,L_OLD1,100-0001-001,S02,202014,14,0,1645.0
BIZ1,SF100,L,L_OLD1,100-0001-001,S01,202015,15,0,2632.0
BIZ1,SF100,L,L_OLD1,100-0001-001,S02,202015,15,0,1755.0
BIZ1,SF100,L,L_OLD1,100-0001-001,S01,202016,16,0,2797.0
BIZ1,SF100,L,L_OLD1,100-0001-001,S02,202016,16,1,1865.0
BIZ1,SF100,L,L_OLD1,100-0001-001,S01,202017,17,0,2962.0
BIZ1,SF100,L,L_OLD1,100-0001-001,S02,202017,17,0,1975.0
BIZ1,SF100,L,L_OLD1,100-0001-001,S01,202018,18,0,3127.0
BIZ1,SF100,L,L_OLD1,100-0001-001,S02,202018,18,0,2085.0
BIZ1,SF100,L,L_OLD1,100-0001-001,S01,202019,19,0,3292.0
BIZ1,SF100,L,L_OLD1,100-0001-001,S02,202019,19,0,2195.0
BIZ1,SF100,L,L_OLD1,100-0001-001,S01,202020,20,0,3457.0
BIZ1,SF100,L,L_OLD1,100-0001-001,S02,202020,20,0,2305.0
BIZ1,SF100,L,L_OLD1,100-0001-001,S01,202021,21,0,3622.0
BIZ1,SF100,L,L_OLD1,100-0001-001,S02,202021,21,1,2415.0
BIZ1,SF100,L,L_OLD1,100-0001-001,S01,202022,22,0,3787.0
BIZ1,SF100,L,L_OLD1,100-0001-001,S02,202022,22,1,2525.0
BIZ1,SF100,L,L_OLD1,100-0001-001,S01,202023,23,0,3952.0
BIZ1,SF100,L,L_OLD1,100-0001-001,S02,202023,23,0,2635.0
BIZ1,SF100,L,L_OLD1,100-0001-001,S01,202024,24,0,4117.0
BIZ1,SF100,L,L_OLD1,100-0001-001,S02,202024,24,0,2745.0
BIZ1,SF100,L,L_OLD1,100-0001-001,S01,202025,25,0,4282.0
BIZ1,SF100,L,L_OLD1,100-0001-001,S02,202025,25,0,2854.0
BIZ1,SF100,L,L_OLD1,100-0001-001,S01,202026,26,0,4447.0
BIZ1,SF100,L,L_OLD1,100-0001-001,S02,202026,26,0,2964.0
BIZ1,SF100,L,L_OLD1,100-0001-001,S01,202027,27,1,4612.0
BIZ1,SF100,L,L_OLD1,100-0001-001,S02,202027,27,0,3074.0
BIZ1,SF100,L,L_OLD1,100-0001-001,S01,202028,28,0,4777.0
BIZ1,SF100,L,L_OLD1,100-0001-001,S02,202028,28,0,3184.0
BIZ1,SF100,L,L_OLD1,100-0001-001,S01,202029,29,0,4942.0
BIZ1,SF100,L,L_OLD1,100-0001-001,S02,202029,29,0,3294.0
BIZ1,SF100,L,L_OLD1,100-0001-001,S01,202030,30,0,5107.0
BIZ1,SF100,L,L_OLD1,100-0001-001,S02,202030,30,0,3404.0
BIZ1,SF100,L,L_OLD1,100-0001-001,S01,202031,31,0,5272.0
BIZ1,SF100,L,L_OLD1,100-0001-001,S02,202031,31,0,3514.0
BIZ1,SF100,L,L_OLD1,100-0001-001,S01,202032,32,2,5437.0
BIZ1,SF100,L,L_OLD1,100-0001-001,S02,202032,32,1,3624.0
BIZ1,SF100,L,L_OLD1,100-0001-001,S01,202033,33,1,5602.0
BIZ1,SF100,L,L_OLD1,100-0001-001,S02,202033,33,1,3734.0
BIZ1,SF100,L,L_OLD1,100-0001-001,S01,202034,34,1,5767.0
BIZ1,SF100,L,L_OLD1,100-0001-001,S02,202034,34,0,3844.0
BIZ1,SF100,L,L_OLD1,100-0001-001,S01,202035,35,0,5932.0
BIZ1,SF100,L,L_OLD1,100-0001-001,S02,202035,35,0,3954.0
BIZ1,SF100,L,L_OLD1,100-0001-001,S01,202036,36,1,6096.0
BIZ1,SF100,L,L_OLD1,100-0001-001,S02,202036,36,0,4064.0
BIZ1,SF100,L,L_OLD1,100-0001-001,S01,202037,37,0,6261.0
BIZ1,SF100,L,L_OLD1,100-0001-001,S02,202037,37,0,4174.0
BIZ1,SF100,L,L_OLD1,100-0001-001,S01,202038,38,1,6426.0
BIZ1,SF100,L,L_OLD1,100-0001-001,S02,202038,38,0,4284.0
BIZ1,SF100,L,L_OLD1,100-0001-001,S01,202039,39,0,6591.0
BIZ1,SF100,L,L_OLD1,100-0001-001,S02,202039,39,0,4394.0
BIZ1,SF100,L,L_OLD1,100-0001-001,S01,202040,40,0,6756.0
BIZ1,SF100,L,L_OLD1,100-0001-001,S02,202040,40,0,4504.0
BIZ1,SF100,L,L_OLD1,100-0001-001,S01,202041,41,0,6921.0
BIZ1,SF100,L,L_OLD1,100-0001-001,S02,202041,41,0,4614.0
BIZ1,SF100,L,L_OLD1,100-0001-001,S01,202042,42,1,7086.0
BIZ1,SF100,L,L_OLD1,100-0001-001,S02,202042,42,0,4724.0
BIZ1,SF100,L,L_OLD1,100-0001-001,S01,202043,43,1,7251.0
BIZ1,SF100,L,L_OLD1,100-0001-001,S02,202043,43,1,4834.0
BIZ1,SF100,L,L_OLD1,100-0001-001,S01,202044,44,1,7416.0
BIZ1,SF100,L,L_OLD1,100-0001-001,S02,202044,44,1,4944.0
BIZ1,SF100,L,L_OLD1,100-0001-001,S01,202045,45,0,7581.0
BIZ1,SF100,L,L_OLD1,100-0001-001,S02,202045,45,0,5054.0
BIZ1,SF100,L,L_OLD1,100-0001-001,S01,202046,46,0,7745.0
BIZ1,SF100,L,L_OLD1,100-0001-001,S02,202046,46,0,5164.0
BIZ1,SF100,L,L_OLD1,100-0001-001,S01,202047,47,1,7910.0
BIZ1,SF100,L,L_OLD1,100-0001-001,S02,202047,47,0,5274.0
BIZ1,SF100,L,L_OLD1,100-0001-001,S01,202048,48,1,8075.0
BIZ1,SF100,L,L_OLD1,100-0001-001,S02,202048,48,0,5384.0
BIZ1,SF100,L,L_OLD1,100-0001-001,S01,202049,49,1,8240.0
BIZ1,SF100,L,L_OLD1,100-0001-001,S02,202049,49,1,5494.0
BIZ1,SF100,L,L_OLD1,100-0001-001,S01,202050,50,1,8405.0
BIZ1,SF100,L,L_OLD1,100-0001-001,S02,202050,50,1,5604.0
BIZ1,SF100,L,L_OLD1,100-0001-001,S01,202051,51,1,8570.0
BIZ1,SF100,L,L_OLD1,100-0001-001,S02,202051,51,1,5714.0
BIZ1,SF100,L,L_OLD1,100-0001-001,S01,202052,52,0,8735.0
BIZ1,SF100,L,L_OLD1,100-0001-001,S02,202052,52,0,5824.0
BIZ1,SF100,L,L_OLD1,100-0001-001,S01,202053,53,2,8900.0
BIZ1,SF100,L,L_OLD1,100-0001-001,S02,202053,53,1,5934.0
BIZ1,SF100,L,L_OLD1,100-0001-001,S01,202054,54,0,9065.0
BIZ1,SF100,L,L_OLD1,100-0001-001,S02,202054,54,0,6044.0
BIZ1,SF100,L,L_OLD1,100-0001-001,S01,202055,55,2,9230.0
BIZ1,SF100,L,L_OLD1,100-0001-001,S02,202055,55,0,6154.0
BIZ1,SF100,L,L_OLD1,100-0001-001,S01,202056,56,1,9395.0
BIZ1,SF100,L,L_OLD1,100-0001-001,S02,202056,56,1,6264.0
BIZ1,SF100,L,L_OLD1,100-0001-001,S01,202057,57,1,9560.0
BIZ1,SF100,L,L_OLD1,100-0001-001,S02,202057,57,0,6373.0
BIZ1,SF100,L,L_OLD1,100-0001-001,S01,202058,58,2,9725.0
BIZ1,SF100,L,L_OLD1,100-0001-001,S02,202058,58,0,6483.0
BIZ1,SF100,L,L_OLD1,100-0001-001,S01,202059,59,0,9890.0
BIZ1,SF100,L,L_OLD1,100-0001-001,S02,202059,59,3,6593.0
BIZ1,SF100,L,L_OLD1,100-0001-001,S01,202060,60,0,10055.0
BIZ1,SF100,L,L_OLD1,100-0001-001,S02,202060,60,1,6703.0
BIZ1,SF100,L,L_OLD1,100-0001-001,S01,202061,61,0,10220.0
BIZ1,SF100,L,L_OLD1,100-0001-001,S02,202061,61,0,6813.0
BIZ1,SF100,L,L_OLD1,100-0001-001,S01,202062,62,3,10385.0
BIZ1,SF100,L,L_OLD1,100-0001-001,S02,202062,62,0,6923.0
BIZ1,SF100,L,L_OLD1,100-0001-001,S01,202063,63,0,10550.0
BIZ1,SF100,L,L_OLD1,100-0001-001,S02,202063,63,0,7033.0
BIZ1,SF100,L,L_OLD1,100-0001-001,S01,202064,64,0,10715.0
BIZ1,SF100,L,L_OLD1,100-0001-001,S02,202064,64,2,7143.0
BIZ1,SF100,L,L_OLD1,100-0001-001,S01,202065,65,0,10880.0
BIZ1,SF100,L,L_OLD1,100-0001-001,S02,202065,65,0,7253.0
BIZ1,SF100,L,L_OLD1,100-0001-001,S01,202066,66,2,11045.0
BIZ1,SF100,L,L_OLD1,100-0001-001,S02,202066,66,1,7363.0
BIZ1,SF100,L,L_OLD1,100-0001-001,S01,202067,67,2,11210.0
BIZ1,SF100,L,L_OLD1,100-0001-001,S02,202067,67,0,7473.0
BIZ1,SF100,L,L_OLD1,100-0001-001,S01,202068,68,1,11374.0
BIZ1,SF100,L,L_OLD1,100-0001-001,S02,202068,68,0,7583.0
BIZ1,SF100,L,L_OLD1,100-0001-001,S01,202069,69,2,11539.0
BIZ1,SF100,L,L_OLD1,100-0001-001,S02,202069,69,0,7693.0
BIZ1,SF100,L,L_OLD1,100-0001-001,S01,202070,70,2,11704.0
BIZ1,SF100,L,L_OLD1,100-0001-001,S02,202070,70,1,7803.0
BIZ1,SF100,L,L_OLD1,100-0001-001,S01,202071,71,1,11869.0
BIZ1,SF100,L,L_OLD1,100-0001-001,S02,202071,71,0,7913.0
BIZ1,SF100,L,L_OLD1,100-0001-001,S01,202072,72,3,12034.0
BIZ1,SF100,L,L_OLD1,100-0001-001,S02,202072,72,1,8023.0
BIZ1,SF100,L,L_OLD1,100-0001-001,S01,202073,73,0,12199.0
BIZ1,SF100,L,L_OLD1,100-0001-001,S02,202073,73,1,8133.0
BIZ1,SF100,L,L_OLD1,100-0001-001,S01,202074,74,1,12364.0
BIZ1,SF100,L,L_OLD1,100-0001-001,S02,202074,74,0,8243.0
BIZ1,SF100,L,L_OLD1,100-0001-001,S01,202075,75,1,12529.0
BIZ1,SF100,L,L_OLD1,100-0001-001,S02,202075,75,0,8353.0
BIZ1,SF100,L,L_OLD1,100-0001-001,S01,202076,76,1,12694.0
BIZ1,SF100,L,L_OLD1,100-0001-001,S02,202076,76,1,8463.0
BIZ1,SF100,L,L_OLD1,100-0001-001,S01,202077,77,1,12859.0
BIZ1,SF100,L,L_OLD1,100-0001-001,S02,202077,77,0,8573.0
BIZ1,SF100,L,L_OLD1,100-0001-001,S01,202078,78,3,13024.0
BIZ1,SF100,L,L_OLD1,100-0001-001,S02,202078,78,0,8683.0
BIZ1,SF100,L,L_OLD1,100-0001-001,S01,202079,79,0,13189.0
BIZ1,SF100,L,L_OLD1,100-0001-001,S02,202079,79,0,8792.0
BIZ1,SF100,L,L_OLD1,100-0001-001,S01,202080,80,1,13354.0
BIZ1,SF100,L,L_OLD1,100-0001-001,S02,202080,80,0,8902.0
BIZ1,SF100,L,L_OLD1,100-0001-001,S01,202081,81,1,13519.0
BIZ1,SF100,L,L_OLD1,100-0001-001,S02,202081,81,1,9012.0
BIZ1,SF100,L,L_OLD1,100-0001-001,S01,202082,82,0,13684.0
BIZ1,SF100,L,L_OLD1,100-0001-001,S02,202082,82,1,9122.0
BIZ1,SF100,L,L_OLD1,100-0001-001,S01,202083,83,3,13849.0
BIZ1,SF100,L,L_OLD1,100-0001-001,S02,202083,83,2,9232.0
BIZ1,SF100,L,L_OLD1,100-0001-001,S01,202084,84,0,14014.0
BIZ1,SF100,L,L_OLD1,100-0001-001,S02,202084,84,1,9342.0
BIZ1,SF100,L,L_OLD1,100-0001-001,S01,202085,85,1,14179.0
BIZ1,SF100,L,L_OLD1,100-0001-001,S02,202085,85,2,9452.0
BIZ1,SF100,L,L_OLD1,100-0001-001,S01,202086,86,3,14344.0
BIZ1,SF100,L,L_OLD1,100-0001-001,S02,202086,86,0,9562.0
BIZ1,SF100,L,L_OLD1,100-0001-001,S01,202087,87,1,14509.0
BIZ1,SF100,L,L_OLD1,100-0001-001,S02,202087,87,0,9672.0
BIZ1,SF100,L,L_OLD1,100-0001-001,S01,202088,88,1,14674.0
BIZ1,SF100,L,L_OLD1,100-0001-001,S02,202088,88,1,9782.0
BIZ1,SF100,L,L_OLD1,100-0001-001,S01,202089,89,2,14838.0
BIZ1,SF100,L,L_OLD1,100-0001-001,S02,202089,89,0,9892.0
BIZ1,SF100,L,L_OLD1,100-0001-001,S01,202090,90,1,15003.0
BIZ1,SF100,L,L_OLD1,100-0001-001,S02,202090,90,0,10002.0
BIZ1,SF100,L,L_OLD1,100-0001-001,S01,202091,91,0,15168.0
BIZ1,SF100,L,L_OLD1,100-0001-001,S02,202091,91,0,10112.0
BIZ1,SF100,L,L_OLD1,100-0001-001,S01,202092,92,0,15333.0
BIZ1,SF100,L,L_OLD1,100-0001-001,S02,202092,92,2,10222.0
BIZ1,SF100,L,L_OLD1,100-0001-001,S01,202093,93,2,15498.0
BIZ1,SF100,L,L_OLD1,100-0001-001,S02,202093,93,0,10332.0
BIZ1,SF100,L,L_OLD1,100-0001-001,S01,202094,94,0,15663.0
BIZ1,SF100,L,L_OLD1,100-0001-001,S02,202094,94,2,10442.0
BIZ1,SF100,L,L_OLD1,100-0001-001,S01,202095,95,1,15828.0
BIZ1,SF100,L,L_OLD1,100-0001-001,S02,202095,95,1,10552.0
BIZ1,SF100,L,L_OLD2,100-0001-001,S01,202000,0,1,132.0
BIZ1,SF100,L,L_OLD2,100-0001-001,S02,202000,0,0,88.0
BIZ1,SF100,L,L_OLD2,100-0001-001,S01,202001,1,0,269.0
BIZ1,SF100,L,L_OLD2,100-0001-001,S02,202001,1,0,180.0
BIZ1,SF100,L,L_OLD2,100-0001-001,S01,202002,2,0,407.0
BIZ1,SF100,L,L_OLD2,100-0001-001,S02,202002,2,0,271.0
BIZ1,SF100,L,L_OLD2,100-0001-001,S01,202003,3,0,544.0
BIZ1,SF100,L,L_OLD2,100-0001-001,S02,202003,3,0,363.0
BIZ1,SF100,L,L_OLD2,100-0001-001,S01,202004,4,0,682.0
BIZ1,SF100,L,L_OLD2,100-0001-001,S02,202004,4,0,455.0
BIZ1,SF100,L,L_OLD2,100-0001-001,S01,202005,5,0,820.0
BIZ1,SF100,L,L_OLD2,100-0001-001,S02,202005,5,0,546.0
BIZ1,SF100,L,L_OLD2,100-0001-001,S01,202006,6,0,957.0
BIZ1,SF100,L,L_OLD2,100-0001-001,S02,202006,6,0,638.0
BIZ1,SF100,L,L_OLD2,100-0001-001,S01,202007,7,0,1094.0
BIZ1,SF100,L,L_OLD2,100-0001-001,S02,202007,7,0,730.0
BIZ1,SF100,L,L_OLD2,100-0001-001,S01,202008,8,0,1232.0
BIZ1,SF100,L,L_OLD2,100-0001-001,S02,202008,8,0,821.0
BIZ1,SF100,L,L_OLD2,100-0001-001,S01,202009,9,1,1370.0
BIZ1,SF100,L,L_OLD2,100-0001-001,S02,202009,9,0,913.0
BIZ1,SF100,L,L_OLD2,100-0001-001,S01,202010,10,1,1507.0
BIZ1,SF100,L,L_OLD2,100-0001-001,S02,202010,10,1,1005.0
BIZ1,SF100,L,L_OLD2,100-0001-001,S01,202011,11,0,1645.0
BIZ1,SF100,L,L_OLD2,100-0001-001,S02,202011,11,0,1096.0
BIZ1,SF100,L,L_OLD2,100-0001-001,S01,202012,12,0,1782.0
BIZ1,SF100,L,L_OLD2,100-0001-001,S02,202012,12,0,1188.0
BIZ1,SF100,L,L_OLD2,100-0001-001,S01,202013,13,1,1919.0
BIZ1,SF100,L,L_OLD2,100-0001-001,S02,202013,13,0,1280.0
BIZ1,SF100,L,L_OLD2,100-0001-001,S01,202014,14,0,2057.0
BIZ1,SF100,L,L_OLD2,100-0001-001,S02,202014,14,0,1371.0
BIZ1,SF100,L,L_OLD2,100-0001-001,S01,202015,15,0,2195.0
BIZ1,SF100,L,L_OLD2,100-0001-001,S02,202015,15,0,1463.0
BIZ1,SF100,L,L_OLD2,100-0001-001,S01,202016,16,0,2332.0
BIZ1,SF100,L,L_OLD2,100-0001-001,S02,202016,16,0,1555.0
BIZ1,SF100,L,L_OLD2,100-0001-001,S01,202017,17,0,2470.0
BIZ1,SF100,L,L_OLD2,100-0001-001,S02,202017,17,1,1646.0
BIZ1,SF100,L,L_OLD2,100-0001-001,S01,202018,18,0,2607.0
BIZ1,SF100,L,L_OLD2,100-0001-001,S02,202018,18,0,1738.0
BIZ1,SF100,L,L_OLD2,100-0001-001,S01,202019,19,0,2744.0
BIZ1,SF100,L,L_OLD2,100-0001-001,S02,202019,19,1,1830.0
BIZ1,SF100,L,L_OLD2,100-0001-001,S01,202020,20,0,2882.0
BIZ1,SF100,L,L_OLD2,100-0001-001,S02,202020,20,0,1922.0
BIZ1,SF100,L,L_OLD2,100-0001-001,S01,202021,21,0,3020.0
BIZ1,SF100,L,L_OLD2,100-0001-001,S02,202021,21,0,2013.0
BIZ1,SF100,L,L_OLD2,100-0001-001,S01,202022,22,0,3157.0
BIZ1,SF100,L,L_OLD2,100-0001-001,S02,202022,22,0,2105.0
BIZ1,SF100,L,L_OLD2,100-0001-001,S01,202023,23,1,3295.0
BIZ1,SF100,L,L_OLD2,100-0001-001,S02,202023,23,0,2196.0
BIZ1,SF100,L,L_OLD2,100-0001-001,S01,202024,24,0,3432.0
BIZ1,SF100,L,L_OLD2,100-0001-001,S02,202024,24,0,2288.0
BIZ1,SF100,L,L_OLD2,100-0001-001,S01,202025,25,0,3569.0
BIZ1,SF100,L,L_OLD2,100-0001-001,S02,202025,25,0,2380.0
BIZ1,SF100,L,L_OLD2,100-0001-001,S01,202026,26,0,3707.0
BIZ1,SF100,L,L_OLD2,100-0001-001,S02,202026,26,0,2472.0
BIZ1,SF100,L,L_OLD2,100-0001-001,S01,202027,27,1,3845.0
BIZ1,SF100,L,L_OLD2,100-0001-001,S02,202027,27,0,2563.0
BIZ1,SF100,L,L_OLD2,100-0001-001,S01,202028,28,0,3982.0
BIZ1,SF100,L,L_OLD2,100-0001-001,S02,202028,28,0,2655.0
BIZ1,SF100,L,L_OLD2,100-0001-001,S01,202029,29,0,4120.0
BIZ1,SF100,L,L_OLD2,100-0001-001,S02,202029,29,1,2746.0
BIZ1,SF100,L,L_OLD2,100-0001-001,S01,202030,30,0,4257.0
BIZ1,SF100,L,L_OLD2,100-0001-001,S02,202030,30,0,2838.0
BIZ1,SF100,L,L_OLD2,100-0001-001,S01,202031,31,0,4395.0
BIZ1,SF100,L,L_OLD2,100-0001-001,S02,202031,31,0,2930.0
BIZ1,SF100,L,L_OLD2,100-0001-001,S01,202032,32,0,4532.0
BIZ1,SF100,L,L_OLD2,100-0001-001,S02,202032,32,0,3022.0
BIZ1,SF100,L,L_OLD2,100-0001-001,S01,202033,33,0,4670.0
BIZ1,SF100,L,L_OLD2,100-0001-001,S02,202033,33,0,3113.0
BIZ1,SF100,L,L_OLD2,100-0001-001,S01,202034,34,0,4807.0
BIZ1,SF100,L,L_OLD2,100-0001-001,S02,202034,34,0,3205.0
BIZ1,SF100,L,L_OLD2,100-0001-001,S01,202035,35,0,4945.0
BIZ1,SF100,L,L_OLD2,100-0001-001,S02,202035,35,0,3296.0
BIZ1,SF100,L,L_OLD2,100-0001-001,S01,202036,36,0,5082.0
BIZ1,SF100,L,L_OLD2,100-0001-001,S02,202036,36,0,3388.0
BIZ1,SF100,L,L_OLD2,100-0001-001,S01,202037,37,0,5220.0
BIZ1,SF100,L,L_OLD2,100-0001-001,S02,202037,37,0,3480.0
BIZ1,SF100,L,L_OLD2,100-0001-001,S01,202038,38,3,5357.0
BIZ1,SF100,L,L_OLD2,100-0001-001,S02,202038,38,0,3572.0
BIZ1,SF100,L,L_OLD2,100-0001-001,S01,202039,39,0,5495.0
BIZ1,SF100,L,L_OLD2,100-0001-001,S02,202039,39,1,3663.0
BIZ1,SF100,L,L_OLD2,100-0001-001,S01,202040,40,0,5632.0
BIZ1,SF100,L,L_OLD2,100-0001-001,S02,202040,40,2,3755.0
BIZ1,SF100,L,L_OLD2,100-0001-001,S01,202041,41,0,5770.0
BIZ1,SF100,L,L_OLD2,100-0001-001,S02,202041,41,0,3846.0
BIZ1,SF100,L,L_OLD2,100-0001-001,S01,202042,42,0,5908.0
BIZ1,SF100,L,L_OLD2,100-0001-001,S02,202042,42,1,3938.0
BIZ1,SF100,L,L_OLD2,100-0001-001,S01,202043,43,0,6045.0
BIZ1,SF100,L,L_OLD2,100-0001-001,S02,202043,43,0,4030.0
BIZ1,SF100,L,L_OLD2,100-0001-001,S01,202044,44,1,6182.0
BIZ1,SF100,L,L_OLD2,100-0001-001,S02,202044,44,0,4122.0
BIZ1,SF100,L,L_OLD2,100-0001-001,S01,202045,45,1,6320.0
BIZ1,SF100,L,L_OLD2,100-0001-001,S02,202045,45,1,4213.0
BIZ1,SF100,L,L_OLD2,100-0001-001,S01,202046,46,0,6457.0
BIZ1,SF100,L,L_OLD2,100-0001-001,S02,202046,46,1,4305.0
BIZ1,SF100,L,L_OLD2,100-0001-001,S01,202047,47,0,6595.0
BIZ1,SF100,L,L_OLD2,100-0001-001,S02,202047,47,0,4396.0
BIZ1,SF100,L,L_OLD2,100-0001-001,S01,202048,48,2,6733.0
BIZ1,SF100,L,L_OLD2,100-0001-001,S02,202048,48,1,4488.0
BIZ1,SF100,L,L_OLD2,100-0001-001,S01,202049,49,1,6870.0
BIZ1,SF100,L,L_OLD2,100-0001-001,S02,202049,49,2,4580.0
BIZ1,SF100,L,L_OLD2,100-0001-001,S01,202050,50,0,7007.0
BIZ1,SF100,L,L_OLD2,100-0001-001,S02,202050,50,0,4672.0
BIZ1,SF100,L,L_OLD2,100-0001-001,S01,202051,51,3,7145.0
BIZ1,SF100,L,L_OLD2,100-0001-001,S02,202051,51,0,4763.0
BIZ1,SF100,L,L_OLD2,100-0001-001,S01,202052,52,0,7282.0
BIZ1,SF100,L,L_OLD2,100-0001-001,S02,202052,52,0,4855.0
BIZ1,SF100,L,L_OLD2,100-0001-001,S01,202053,53,1,7420.0
BIZ1,SF100,L,L_OLD2,100-0001-001,S02,202053,53,0,4947.0
BIZ1,SF100,L,L_OLD2,100-0001-001,S01,202054,54,0,7558.0
BIZ1,SF100,L,L_OLD2,100-0001-001,S02,202054,54,0,5038.0
BIZ1,SF100,L,L_OLD2,100-0001-001,S01,202055,55,0,7695.0
BIZ1,SF100,L,L_OLD2,100-0001-001,S02,202055,55,0,5130.0
BIZ1,SF100,L,L_OLD2,100-0001-001,S01,202056,56,0,7832.0
BIZ1,SF100,L,L_OLD2,100-0001-001,S02,202056,56,0,5222.0
BIZ1,SF100,L,L_OLD2,100-0001-001,S01,202057,57,1,7970.0
BIZ1,SF100,L,L_OLD2,100-0001-001,S02,202057,57,0,5313.0
BIZ1,SF100,L,L_OLD2,100-0001-001,S01,202058,58,0,8107.0
BIZ1,SF100,L,L_OLD2,100-0001-001,S02,202058,58,1,5405.0
BIZ1,SF100,L,L_OLD2,100-0001-001,S01,202059,59,1,8245.0
BIZ1,SF100,L,L_OLD2,100-0001-001,S02,202059,59,0,5497.0
BIZ1,SF100,L,L_OLD2,100-0001-001,S01,202060,60,1,8383.0
BIZ1,SF100,L,L_OLD2,100-0001-001,S02,202060,60,0,5588.0
BIZ1,SF100,L,L_OLD2,100-0001-001,S01,202061,61,0,8520.0
BIZ1,SF100,L,L_OLD2,100-0001-001,S02,202061,61,1,5680.0
BIZ1,SF100,L,L_OLD2,100-0001-001,S01,202062,62,1,8657.0
BIZ1,SF100,L,L_OLD2,100-0001-001,S02,202062,62,0,5772.0
BIZ1,SF100,L,L_OLD2,100-0001-001,S01,202063,63,1,8795.0
BIZ1,SF100,L,L_OLD2,100-0001-001,S02,202063,63,0,5863.0
BIZ1,SF100,L,L_OLD2,100-0001-001,S01,202064,64,0,8933.0
BIZ1,SF100,L,L_OLD2,100-0001-001,S02,202064,64,0,5955.0
BIZ1,SF100,L,L_OLD2,100-0001-001,S01,202065,65,1,9070.0
BIZ1,SF100,L,L_OLD2,100-0001-001,S02,202065,65,0,6047.0
BIZ1,SF100,L,L_OLD2,100-0001-001,S01,202066,66,0,9208.0
BIZ1,SF100,L,L_OLD2,100-0001-001,S02,202066,66,0,6138.0
BIZ1,SF100,L,L_OLD2,100-0001-001,S01,202067,67,1,9345.0
BIZ1,SF100,L,L_OLD2,100-0001-001,S02,202067,67,2,6230.0
BIZ1,SF100,L,L_OLD2,100-0001-001,S01,202068,68,1,9482.0
BIZ1,SF100,L,L_OLD2,100-0001-001,S02,202068,68,1,6322.0
BIZ1,SF100,L,L_OLD2,100-0001-001,S01,202069,69,1,9620.0
BIZ1,SF100,L,L_OLD2,100-0001-001,S02,202069,69,0,6413.0
BIZ1,SF100,L,L_OLD2,100-0001-001,S01,202070,70,1,9758.0
BIZ1,SF100,L,L_OLD2,100-0001-001,S02,202070,70,1,6505.0
BIZ1,SF100,L,L_OLD2,100-0001-001,S01,202071,71,1,9895.0
BIZ1,SF100,L,L_OLD2,100-0001-001,S02,202071,71,2,6597.0
BIZ1,SF100,L,L_OLD2,100-0001-001,S01,202072,72,0,10033.0
BIZ1,SF100,L,L_OLD2,100-0001-001,S02,202072,72,0,6688.0
BIZ1,SF100,L,L_OLD2,100-0001-001,S01,202073,73,0,10170.0
BIZ1,SF100,L,L_OLD2,100-0001-001,S02,202073,73,1,6780.0
BIZ1,SF100,L,L_OLD2,100-0001-001,S01,202074,74,1,10307.0
BIZ1,SF100,L,L_OLD2,100-0001-001,S02,202074,74,0,6872.0
BIZ1,SF100,L,L_OLD2,100-0001-001,S01,202075,75,1,10445.0
BIZ1,SF100,L,L_OLD2,100-0001-001,S02,202075,75,0,6964.0
BIZ1,SF100,L,L_OLD2,100-0001-001,S01,202076,76,1,10583.0
BIZ1,SF100,L,L_OLD2,100-0001-001,S02,202076,76,0,7055.0
BIZ1,SF100,L,L_OLD2,100-0001-001,S01,202077,77,3,10720.0
BIZ1,SF100,L,L_OLD2,100-0001-001,S02,202077,77,0,7147.0
BIZ1,SF100,L,L_OLD2,100-0001-001,S01,202078,78,2,10858.0
BIZ1,SF100,L,L_OLD2,100-0001-001,S02,202078,78,1,7238.0
BIZ1,SF100,L,L_OLD2,100-0001-001,S01,202079,79,0,10995.0
BIZ1,SF100,L,L_OLD2,100-0001-001,S02,202079,79,0,7330.0
BIZ1,SF100,L,L_OLD2,100-0001-001,S01,202080,80,1,11132.0
BIZ1,SF100,L,L_OLD2,100-0001-001,S02,202080,80,0,7422.0
BIZ1,SF100,L,L_OLD2,100-0001-001,S01,202081,81,0,11270.0
BIZ1,SF100,L,L_OLD2,100-0001-001,S02,202081,81,0,7514.0
BIZ1,SF100,L,L_OLD2,100-0001-001,S01,202082,82,1,11408.0
BIZ1,SF100,L,L_OLD2,100-0001-001,S02,202082,82,0,7605.0
BIZ1,SF100,L,L_OLD2,100-0001-001,S01,202083,83,1,11545.0
BIZ1,SF100,L,L_OLD2,100-0001-001,S02,202083,83,0,7697.0
BIZ1,SF100,L,L_OLD2,100-0001-001,S01,202084,84,1,11683.0
BIZ1,SF100,L,L_OLD2,100-0001-001,S02,202084,84,0,7788.0
BIZ1,SF100,L,L_OLD2,100-0001-001,S01,202085,85,0,11820.0
BIZ1,SF100,L,L_OLD2,100-0001-001,S02,202085,85,1,7880.0
BIZ1,SF100,L,L_OLD2,100-0001-001,S01,202086,86,4,11958.0
BIZ1,SF100,L,L_OLD2,100-0001-001,S02,202086,86,0,7972.0
BIZ1,SF100,L,L_OLD2,100-0001-001,S01,202087,87,0,12095.0
BIZ1,SF100,L,L_OLD2,100-0001-001,S02,202087,87,0,8064.0
BIZ1,SF100,L,L_OLD2,100-0001-001,S01,202088,88,0,12233.0
BIZ1,SF100,L,L_OLD2,100-0001-001,S02,202088,88,0,8155.0
BIZ1,SF100,L,L_OLD2,100-0001-001,S01,202089,89,0,12370.0
BIZ1,SF100,L,L_OLD2,100-0001-001,S02,202089,89,0,8247.0
BIZ1,SF100,L,L_OLD2,100-0001-001,S01,202090,90,1,12508.0
BIZ1,SF100,L,L_OLD2,100-0001-001,S02,202090,90,0,8338.0
BIZ1,SF100,L,L_OLD2,100-0001-001,S01,202091,91,1,12645.0
BIZ1,SF100,L,L_OLD2,100-0001-001,S02,202091,91,0,8430.0
BIZ1,SF100,L,L_OLD2,100-0001-001,S01,202092,92,2,12783.0
BIZ1,SF100,L,L_OLD2,100-0001-001,S02,202092,92,0,8522.0
BIZ1,SF100,L,L_OLD2,100-0001-001,S01,202093,93,0,12920.0
BIZ1,SF100,L,L_OLD2,100-0001-001,S02,202093,93,0,8614.0
BIZ1,SF100,L,L_OLD2,100-0001-001,S01,202094,94,2,13058.0
BIZ1,SF100,L,L_OLD2,100-0001-001,S02,202094,94,0,8705.0
BIZ1,SF100,L,L_OLD2,100-0001-001,S01,202095,95,1,13195.0
BIZ1,SF100,L,L_OLD2,100-0001-001,S02,202095,95,0,8797.0
BIZ1,SF100,H,H_NEW_OK,100-0001-001,S01,202000,0,0,234.0
BIZ1,SF100,H,H_NEW_OK,100-0001-001,S02,202000,0,0,156.0
BIZ1,SF100,H,H_NEW_OK,100-0001-001,S01,202001,1,1,1241.0
BIZ1,SF100,H,H_NEW_OK,100-0001-001,S02,202001,1,1,828.0
BIZ1,SF100,H,H_NEW_OK,100-0001-001,S01,202002,2,0,2248.0
BIZ1,SF100,H,H_NEW_OK,100-0001-001,S02,202002,2,1,1499.0
BIZ1,SF100,H,H_NEW_OK,100-0001-001,S01,202003,3,2,3256.0
BIZ1,SF100,H,H_NEW_OK,100-0001-001,S02,202003,3,1,2170.0
BIZ1,SF100,H,H_NEW_OK,100-0001-001,S01,202004,4,0,4263.0
BIZ1,SF100,H,H_NEW_OK,100-0001-001,S02,202004,4,1,2842.0
BIZ1,SF100,H,H_NEW_OK,100-0001-001,S01,202005,5,1,5270.0
BIZ1,SF100,H,H_NEW_OK,100-0001-001,S02,202005,5,0,3513.0
BIZ1,SF100,H,H_NEW_OK,100-0001-001,S01,202006,6,2,6277.0
BIZ1,SF100,H,H_NEW_OK,100-0001-001,S02,202006,6,2,4185.0
BIZ1,SF100,H,H_NEW_OK,100-0001-001,S01,202007,7,2,7285.0
BIZ1,SF100,H,H_NEW_OK,100-0001-001,S02,202007,7,1,4856.0
BIZ1,SF100,H,H_NEW_OK,100-0001-001,S01,202008,8,2,8292.0
BIZ1,SF100,H,H_NEW_OK,100-0001-001,S02,202008,8,2,5528.0
BIZ1,SF100,H,H_NEW_OK,100-0001-001,S01,202009,9,1,9299.0
BIZ1,SF100,H,H_NEW_OK,100-0001-001,S02,202009,9,0,6199.0
BIZ1,SF100,H,H_NEW_OK,100-0001-001,S01,202010,10,1,10306.0
BIZ1,SF100,H,H_NEW_OK,100-0001-001,S02,202010,10,4,6871.0
BIZ1,SF100,H,H_NEW_OK,100-0001-001,S01,202011,11,3,11314.0
BIZ1,SF100,H,H_NEW_OK,100-0001-001,S02,202011,11,0,7542.0
BIZ1,SF100,H,H_NEW_OK,100-0001-001,S01,202012,12,3,12320.0
BIZ1,SF100,H,H_NEW_OK,100-0001-001,S02,202012,12,0,8214.0
BIZ1,SF100,H,H_NEW_OK,100-0001-001,S01,202013,13,3,13328.0
BIZ1,SF100,H,H_NEW_OK,100-0001-001,S02,202013,13,2,8885.0
BIZ1,SF100,H,H_NEW_OK,100-0001-001,S01,202014,14,3,14335.0
BIZ1,SF100,H,H_NEW_OK,100-0001-001,S02,202014,14,3,9557.0
BIZ1,SF100,H,H_NEW_OK,100-0001-001,S01,202015,15,3,15342.0
BIZ1,SF100,H,H_NEW_OK,100-0001-001,S02,202015,15,0,10228.0
BIZ1,SF100,H,H_NEW_OK,100-0001-001,S01,202016,16,3,16349.0
BIZ1,SF100,H,H_NEW_OK,100-0001-001,S02,202016,16,1,10900.0
BIZ1,SF100,H,H_NEW_OK,100-0001-001,S01,202017,17,1,17357.0
BIZ1,SF100,H,H_NEW_OK,100-0001-001,S02,202017,17,4,11571.0
BIZ1,SF100,H,H_NEW_OK,100-0001-001,S01,202018,18,3,18364.0
BIZ1,SF100,H,H_NEW_OK,100-0001-001,S02,202018,18,1,12243.0
BIZ1,SF100,H,H_NEW_OK,100-0001-001,S01,202019,19,3,19371.0
BIZ1,SF100,H,H_NEW_OK,100-0001-001,S02,202019,19,2,12914.0
BIZ1,SF100,H,H_NEW_OK,100-0001-001,S01,202020,20,3,20378.0
BIZ1,SF100,H,H_NEW_OK,100-0001-001,S02,202020,20,0,13586.0
BIZ1,SF100,H,H_NEW_OK,100-0001-001,S01,202021,21,1,21386.0
BIZ1,SF100,H,H_NEW_OK,100-0001-001,S02,202021,21,1,14257.0
BIZ1,SF100,H,H_NEW_OK,100-0001-001,S01,202022,22,2,22393.0
BIZ1,SF100,H,H_NEW_OK,100-0001-001,S02,202022,22,3,14928.0
BIZ1,SF100,H,H_NEW_OK,100-0001-001,S01,202023,23,2,23400.0
BIZ1,SF100,H,H_NEW_OK,100-0001-001,S02,202023,23,3,15600.0
BIZ1,SF100,H,H_NEW_BAD,100-0001-001,S01,202000,0,0,234.0
BIZ1,SF100,H,H_NEW_BAD,100-0001-001,S02,202000,0,0,156.0
BIZ1,SF100,H,H_NEW_BAD,100-0001-001,S01,202001,1,1,1241.0
BIZ1,SF100,H,H_NEW_BAD,100-0001-001,S02,202001,1,3,828.0
BIZ1,SF100,H,H_NEW_BAD,100-0001-001,S01,202002,2,1,2248.0
BIZ1,SF100,H,H_NEW_BAD,100-0001-001,S02,202002,2,0,1499.0
BIZ1,SF100,H,H_NEW_BAD,100-0001-001,S01,202003,3,3,3256.0
BIZ1,SF100,H,H_NEW_BAD,100-0001-001,S02,202003,3,1,2170.0
BIZ1,SF100,H,H_NEW_BAD,100-0001-001,S01,202004,4,3,4263.0
BIZ1,SF100,H,H_NEW_BAD,100-0001-001,S02,202004,4,2,2842.0
BIZ1,SF100,H,H_NEW_BAD,100-0001-001,S01,202005,5,2,5270.0
BIZ1,SF100,H,H_NEW_BAD,100-0001-001,S02,202005,5,3,3513.0
BIZ1,SF100,H,H_NEW_BAD,100-0001-001,S01,202006,6,1,6277.0
BIZ1,SF100,H,H_NEW_BAD,100-0001-001,S02,202006,6,2,4185.0
BIZ1,SF100,H,H_NEW_BAD,100-0001-001,S01,202007,7,3,7285.0
BIZ1,SF100,H,H_NEW_BAD,100-0001-001,S02,202007,7,1,4856.0
BIZ1,SF100,H,H_NEW_BAD,100-0001-001,S01,202008,8,6,8292.0
BIZ1,SF100,H,H_NEW_BAD,100-0001-001,S02,202008,8,2,5528.0
BIZ1,SF100,H,H_NEW_BAD,100-0001-001,S01,202009,9,2,9299.0
BIZ1,SF100,H,H_NEW_BAD,100-0001-001,S02,202009,9,1,6199.0
BIZ1,SF100,H,H_NEW_BAD,100-0001-001,S01,202010,10,5,10306.0
BIZ1,SF100,H,H_NEW_BAD,100-0001-001,S02,202010,10,4,6871.0
BIZ1,SF100,H,H_NEW_BAD,100-0001-001,S01,202011,11,4,11314.0
BIZ1,SF100,H,H_NEW_BAD,100-0001-001,S02,202011,11,4,7542.0
BIZ1,SF100,H,H_NEW_BAD,100-0001-001,S01,202012,12,8,12320.0
BIZ1,SF100,H,H_NEW_BAD,100-0001-001,S02,202012,12,0,8214.0
BIZ1,SF100,H,H_NEW_BAD,100-0001-001,S01,202013,13,3,13328.0
BIZ1,SF100,H,H_NEW_BAD,100-0001-001,S02,202013,13,3,8885.0
BIZ1,SF100,H,H_NEW_BAD,100-0001-001,S01,202014,14,2,14335.0
BIZ1,SF100,H,H_NEW_BAD,100-0001-001,S02,202014,14,4,9557.0
BIZ1,SF100,H,H_NEW_BAD,100-0001-001,S01,202015,15,4,15342.0
BIZ1,SF100,H,H_NEW_BAD,100-0001-001,S02,202015,15,3,10228.0
BIZ1,SF100,H,H_NEW_BAD,100-0001-001,S01,202016,16,5,16349.0
BIZ1,SF100,H,H_NEW_BAD,100-0001-001,S02,202016,16,3,10900.0
BIZ1,SF100,H,H_NEW_BAD,100-0001-001,S01,202017,17,7,17357.0
BIZ1,SF100,H,H_NEW_BAD,100-0001-001,S02,202017,17,4,11571.0
BIZ1,SF100,H,H_NEW_BAD,100-0001-001,S01,202018,18,4,18364.0
BIZ1,SF100,H,H_NEW_BAD,100-0001-001,S02,202018,18,3,12243.0
BIZ1,SF100,H,H_NEW_BAD,100-0001-001,S01,202019,19,6,19371.0
BIZ1,SF100,H,H_NEW_BAD,100-0001-001,S02,202019,19,5,12914.0
BIZ1,SF100,H,H_NEW_BAD,100-0001-001,S01,202020,20,11,20378.0
BIZ1,SF100,H,H_NEW_BAD,100-0001-001,S02,202020,20,3,13586.0
BIZ1,SF100,H,H_NEW_BAD,100-0001-001,S01,202021,21,5,21386.0
BIZ1,SF100,H,H_NEW_BAD,100-0001-001,S02,202021,21,5,14257.0
BIZ1,SF100,H,H_NEW_BAD,100-0001-001,S01,202022,22,4,22393.0
BIZ1,SF100,H,H_NEW_BAD,100-0001-001,S02,202022,22,3,14928.0
BIZ1,SF100,H,H_NEW_BAD,100-0001-001,S01,202023,23,9,23400.0
BIZ1,SF100,H,H_NEW_BAD,100-0001-001,S02,202023,23,4,15600.0
BIZ1,SF100,L,L_NEW_OK,100-0001-001,S01,202000,0,0,144.0
BIZ1,SF100,L,L_NEW_OK,100-0001-001,S02,202000,0,0,96.0
BIZ1,SF100,L,L_NEW_OK,100-0001-001,S01,202001,1,0,764.0
BIZ1,SF100,L,L_NEW_OK,100-0001-001,S02,202001,1,0,509.0
BIZ1,SF100,L,L_NEW_OK,100-0001-001,S01,202002,2,1,1384.0
BIZ1,SF100,L,L_NEW_OK,100-0001-001,S02,202002,2,0,922.0
BIZ1,SF100,L,L_NEW_OK,100-0001-001,S01,202003,3,0,2003.0
BIZ1,SF100,L,L_NEW_OK,100-0001-001,S02,202003,3,1,1336.0
BIZ1,SF100,L,L_NEW_OK,100-0001-001,S01,202004,4,0,2623.0
BIZ1,SF100,L,L_NEW_OK,100-0001-001,S02,202004,4,0,1749.0
BIZ1,SF100,L,L_NEW_OK,100-0001-001,S01,202005,5,0,3243.0
BIZ1,SF100,L,L_NEW_OK,100-0001-001,S02,202005,5,0,2162.0
BIZ1,SF100,L,L_NEW_OK,100-0001-001,S01,202006,6,0,3863.0
BIZ1,SF100,L,L_NEW_OK,100-0001-001,S02,202006,6,0,2575.0
BIZ1,SF100,L,L_NEW_OK,100-0001-001,S01,202007,7,1,4483.0
BIZ1,SF100,L,L_NEW_OK,100-0001-001,S02,202007,7,0,2988.0
BIZ1,SF100,L,L_NEW_OK,100-0001-001,S01,202008,8,0,5102.0
BIZ1,SF100,L,L_NEW_OK,100-0001-001,S02,202008,8,1,3402.0
BIZ1,SF100,L,L_NEW_OK,100-0001-001,S01,202009,9,0,5722.0
BIZ1,SF100,L,L_NEW_OK,100-0001-001,S02,202009,9,0,3815.0
BIZ1,SF100,L,L_NEW_OK,100-0001-001,S01,202010,10,1,6342.0
BIZ1,SF100,L,L_NEW_OK,100-0001-001,S02,202010,10,0,4228.0
BIZ1,SF100,L,L_NEW_OK,100-0001-001,S01,202011,11,1,6962.0
BIZ1,SF100,L,L_NEW_OK,100-0001-001,S02,202011,11,0,4641.0
BIZ1,SF100,L,L_NEW_OK,100-0001-001,S01,202012,12,4,7582.0
BIZ1,SF100,L,L_NEW_OK,100-0001-001,S02,202012,12,2,5055.0
BIZ1,SF100,L,L_NEW_OK,100-0001-001,S01,202013,13,0,8202.0
BIZ1,SF100,L,L_NEW_OK,100-0001-001,S02,202013,13,0,5468.0
BIZ1,SF100,L,L_NEW_OK,100-0001-001,S01,202014,14,1,8822.0
BIZ1,SF100,L,L_NEW_OK,100-0001-001,S02,202014,14,2,5881.0
BIZ1,SF100,L,L_NEW_OK,100-0001-001,S01,202015,15,0,9442.0
BIZ1,SF100,L,L_NEW_OK,100-0001-001,S02,202015,15,3,6294.0
BIZ1,SF100,L,L_NEW_OK,100-0001-001,S01,202016,16,1,10061.0
BIZ1,SF100,L,L_NEW_OK,100-0001-001,S02,202016,16,1,6708.0
BIZ1,SF100,L,L_NEW_OK,100-0001-001,S01,202017,17,2,10681.0
BIZ1,SF100,L,L_NEW_OK,100-0001-001,S02,202017,17,1,7121.0
BIZ1,SF100,L,L_NEW_OK,100-0001-001,S01,202018,18,1,11301.0
BIZ1,SF100,L,L_NEW_OK,100-0001-001,S02,202018,18,1,7534.0
BIZ1,SF100,L,L_NEW_OK,100-0001-001,S01,202019,19,1,11921.0
BIZ1,SF100,L,L_NEW_OK,100-0001-001,S02,202019,19,1,7947.0
BIZ1,SF100,L,L_NEW_OK,100-0001-001,S01,202020,20,4,12541.0
BIZ1,SF100,L,L_NEW_OK,100-0001-001,S02,202020,20,1,8360.0
BIZ1,SF100,L,L_NEW_OK,100-0001-001,S01,202021,21,2,13160.0
BIZ1,SF100,L,L_NEW_OK,100-0001-001,S02,202021,21,3,8774.0
BIZ1,SF100,L,L_NEW_OK,100-0001-001,S01,202022,22,2,13780.0
BIZ1,SF100,L,L_NEW_OK,100-0001-001,S02,202022,22,0,9187.0
BIZ1,SF100,L,L_NEW_OK,100-0001-001,S01,202023,23,0,14400.0
BIZ1,SF100,L,L_NEW_OK,100-0001-001,S02,202023,23,0,9600.0
BIZ1,SF200,H,H_LONE,100-0001-001,S01,202000,0,0,180.0
BIZ1,SF200,H,H_LONE,100-0001-001,S02,202000,0,0,120.0
BIZ1,SF200,H,H_LONE,100-0001-001,S01,202001,1,1,1228.0
BIZ1,SF200,H,H_LONE,100-0001-001,S02,202001,1,0,819.0
BIZ1,SF200,H,H_LONE,100-0001-001,S01,202002,2,1,2276.0
BIZ1,SF200,H,H_LONE,100-0001-001,S02,202002,2,0,1518.0
BIZ1,SF200,H,H_LONE,100-0001-001,S01,202003,3,0,3325.0
BIZ1,SF200,H,H_LONE,100-0001-001,S02,202003,3,0,2216.0
BIZ1,SF200,H,H_LONE,100-0001-001,S01,202004,4,1,4373.0
BIZ1,SF200,H,H_LONE,100-0001-001,S02,202004,4,1,2915.0
BIZ1,SF200,H,H_LONE,100-0001-001,S01,202005,5,0,5421.0
BIZ1,SF200,H,H_LONE,100-0001-001,S02,202005,5,2,3614.0
BIZ1,SF200,H,H_LONE,100-0001-001,S01,202006,6,3,6469.0
BIZ1,SF200,H,H_LONE,100-0001-001,S02,202006,6,2,4313.0
BIZ1,SF200,H,H_LONE,100-0001-001,S01,202007,7,3,7517.0
BIZ1,SF200,H,H_LONE,100-0001-001,S02,202007,7,1,5012.0
BIZ1,SF200,H,H_LONE,100-0001-001,S01,202008,8,0,8566.0
BIZ1,SF200,H,H_LONE,100-0001-001,S02,202008,8,1,5710.0
BIZ1,SF200,H,H_LONE,100-0001-001,S01,202009,9,2,9614.0
BIZ1,SF200,H,H_LONE,100-0001-001,S02,202009,9,2,6410.0
BIZ1,SF200,H,H_LONE,100-0001-001,S01,202010,10,2,10663.0
BIZ1,SF200,H,H_LONE,100-0001-001,S02,202010,10,5,7108.0
BIZ1,SF200,H,H_LONE,100-0001-001,S01,202011,11,0,11711.0
BIZ1,SF200,H,H_LONE,100-0001-001,S02,202011,11,0,7807.0
BIZ1,SF200,H,H_LONE,100-0001-001,S01,202012,12,1,12759.0
BIZ1,SF200,H,H_LONE,100-0001-001,S02,202012,12,1,8506.0
BIZ1,SF200,H,H_LONE,100-0001-001,S01,202013,13,2,13807.0
BIZ1,SF200,H,H_LONE,100-0001-001,S02,202013,13,0,9205.0
BIZ1,SF200,H,H_LONE,100-0001-001,S01,202014,14,5,14855.0
BIZ1,SF200,H,H_LONE,100-0001-001,S02,202014,14,0,9904.0
BIZ1,SF200,H,H_LONE,100-0001-001,S01,202015,15,3,15904.0
BIZ1,SF200,H,H_LONE,100-0001-001,S02,202015,15,1,10602.0
BIZ1,SF200,H,H_LONE,100-0001-001,S01,202016,16,2,16952.0
BIZ1,SF200,H,H_LONE,100-0001-001,S02,202016,16,1,11301.0
BIZ1,SF200,H,H_LONE,100-0001-001,S01,202017,17,3,18000.0
BIZ1,SF200,H,H_LONE,100-0001-001,S02,202017,17,3,12000.0
