biz,dev,part,dist,ym,use,fleet,base_rate,expected,O_E,p,alert_dist,注目度
E1,M01,100-0,C,202412,16.0,1722.0,0.0012341704228375188,2.1252414681262075,7.528556279351613,3.869218784522065e-08,True,3.0
E1,M10,100-0,A,202412,8.0,2397.0,0.0005924872615238773,1.4201919658727338,5.633041301627034,0.0004669595478550785,True,1.447491230662017
E1,M07,104-0,A,202412,7.0,2530.0,0.0008919611996878136,2.2566618352101684,3.1019268774703557,0.014405217595393956,False,0.800285168228045
E1,M08,100-0,D,202412,4.0,1096.0,0.0008593280054996992,0.9418234940276704,4.247080291970803,0.027210481244927226,False,0.6802448382524285
E1,M07,100-0,C,202412,6.0,1488.0,0.0013899418751579479,2.0682335102350264,2.901026392961877,0.029141849610019695,False,0.6673024212023707
E1,M10,101-0,D,202412,3.0,1058.0,0.0005372011818426001,0.5683588503894709,5.2783553875236295,0.0365648618765248,False,0.6244751548168975
E1,M13,103-1,B,202412,4.0,1505.0,0.0007040450588837686,1.0595878136200716,3.775052854122622,0.03699375611771825,False,0.6222741874561677
E1,M03,102-0,A,202412,7.0,2795.0,0.0010634762379528083,2.972416085078099,2.3549865831842576,0.04405833209896575,False,0.5892891228559234
E1,M11,104-1,D,202412,4.0,1018.0,0.00112139052425007,1.1415755536865713,3.5039292730844798,0.04437477276206177,False,0.5879383843108963
E1,M01,100-0,E,202412,3.0,603.0,0.0010731258623332823,0.6470948949869693,4.636105188343993,0.04625107070208135,False,0.5801220373061485
E1,M04,104-1,C,202412,10.0,1592.0,0.0032794565472007496,5.220894823143594,1.915380473797559,0.052386557551689666,False,0.556611665895817
E1,M02,104-1,A,202412,6.0,2839.0,0.0008817478201234447,2.50328206133046,2.3968533521192903,0.05660206773211294,False,0.5420041049639468
E1,M06,100-0,C,202412,5.0,1540.0,0.0012156576707999028,1.8721128130318503,2.6707792207792207,0.05754349994103047,False,0.5388907268012603
E1,M13,100-0,B,202412,4.0,1505.0,0.0009600614439324117,1.4448924731182795,2.768372093023256,0.07950880259291178,False,0.4778663420575322
E1,M11,102-0,A,202412,5.0,2309.0,0.0009070294784580499,2.0943310657596372,2.387397141619749,0.080091975078866,False,0.47648705080362963
E1,M02,100-0,B,202412,5.0,2004.0,0.0011103400416377516,2.2251214434420543,2.2470683632734527,0.09453491122587122,False,0.4451953174108281
E1,M10,104-0,B,202412,3.0,1692.0,0.0005595657769570813,0.9467852946113815,3.168617021276596,0.09605084049824554,False,0.44219277123066236
E1,M02,102-0,A,202412,6.0,2839.0,0.0010776917801508768,3.059566963848339,1.9610618335521472,0.10898081328430506,False,0.4183561088953755
E1,M11,103-1,A,202412,3.0,2309.0,0.00045351473922902497,1.0471655328798186,2.8648765699436987,0.11601641306304272,False,0.4065486185410255
E1,M04,103-1,A,202412,3.0,2706.0,0.00041337972372455133,1.118605532398636,2.681910569105691,0.13040603777680712,False,0.3844809941838803
E1,M03,100-0,B,202412,5.0,1973.0,0.001271186440677966,2.508050847457627,1.9935799966210508,0.1312715078817973,False,0.3832325209848391
E1,M04,104-1,E,202412,4.0,557.0,0.003513468295131337,1.9570018403881546,2.04394289133966,0.15956479146595806,False,0.3463939768388929
E1,M09,103-1,B,202412,3.0,1723.0,0.0007673335160317895,1.3221156481227734,2.2690904568443746,0.17656356820529093,False,0.32728773829137314
E1,M12,100-0,C,202412,3.0,1306.0,0.0010260920551158018,1.3400762239812372,2.238678626121199,0.18117638853342694,False,0.3224201348821304
E1,M04,100-0,D,202412,3.0,1194.0,0.0012493167798859998,1.4916842351838837,2.0111494974874375,0.21719706508888945,False,0.2881953076530377
E1,M09,104-1,B,202412,3.0,1723.0,0.0008769525897506166,1.5109893121403124,1.9854541497388276,0.22233374825466884,False,0.28378361496738197
E1,M13,104-0,A,202412,4.0,2132.0,0.0010843046896177825,2.3117375982651125,1.7303001876172608,0.22835973623722416,False,0.2787362478966564
E1,M11,102-0,C,202412,3.0,1358.0,0.0011914774320156995,1.61802635267732,1.854110716451529,0.24942651869832624,False,0.2620814921678161
E1,M07,100-0,B,202412,4.0,1786.0,0.0013689253935660506,2.4449007529089664,1.6360582306830909,0.2549732015866604,False,0.257930345922941
E1,M03,103-0,A,202412,4.0,2795.0,0.000897308075772682,2.507976071784646,1.5949115483999206,0.26779580338722264,False,0.24866961063219603
E1,M09,103-0,A,202412,3.0,2441.0,0.0006964057724300692,1.699926490501799,1.7647821930902636,0.27009645909547414,False,0.24705506245053818
E1,M06,102-0,A,202412,10.0,2618.0,0.003003325109943151,7.86270513783117,1.2718269125832151,0.28352233170499314,False,0.23789899703416076
E1,M04,104-2,C,202412,7.0,1592.0,0.0032794565472007496,5.220894823143594,1.3407663316582914,0.28953090333006143,False,0.23394092023212024
E1,M09,104-1,C,202412,3.0,1436.0,0.0012496711391739015,1.7945277558537225,1.6717490104090311,0.2944323992297136,False,0.23077248149971005
E1,M11,104-0,A,202412,3.0,2309.0,0.0007833436404864976,1.808740465883323,1.658612751020036,0.29830034701245256,False,0.22830916694407383
E1,M05,100-0,A,202412,4.0,2662.0,0.001017579564195235,2.7087967998877156,1.4766703800616594,0.3103165038860213,False,0.22085549828694395
E1,M08,100-0,C,202412,3.0,1462.0,0.001288992008249549,1.8845063160608406,1.5919288645690832,0.31763572074609525,False,0.21645552837422913
E1,M12,102-0,A,202412,3.0,2220.0,0.0008622547962923044,1.9142056477689158,1.5672297297297297,0.32570006169139937,False,0.2117235151617772
E1,M01,104-0,B,202412,3.0,2066.0,0.0009390511112104816,1.940079595760855,1.5463283086709998,0.3315568522651046,False,0.20835973152252998
E1,M12,100-0,B,202412,3.0,1567.0,0.0012825994014536127,2.009833262077811,1.4926611359285258,0.35041202149310374,False,0.19792049815949572
E1,M12,104-0,A,202412,3.0,2220.0,0.0009484802759215348,2.105626212545807,1.4247542997543,0.37506016681665105,False,0.18509061522604617
E1,M01,101-0,B,202412,3.0,2066.0,0.0010284845503733845,2.1248490810714125,1.4118649774822174,0.3792294497626786,False,0.18300410897664607
E1,M03,100-0,A,202412,4.0,2795.0,0.0011299435028248588,3.1581920903954805,1.2665474060822897,0.40627509224218056,False,0.17000204393441765
E1,M06,102-0,B,202412,6.0,1848.0,0.002735146634250114,5.054550980094211,1.187049062049062,0.4087678423196078,False,0.16884755006123456
E1,M01,104-0,C,202412,3.0,1722.0,0.0013414895900407814,2.3100450740502256,1.298675958188153,0.4262322873083036,False,0.16095125054869183
E1,M08,103-1,A,202412,4.0,2485.0,0.0013269135989687985,3.297380293437464,1.2130842196033345,0.4358932003192403,False,0.15672107984281045
E1,M10,101-0,A,202412,3.0,2397.0,0.0009874787692064622,2.3669866097878898,1.2674342928660824,0.4408785020497904,False,0.15457472446267143
E1,M04,104-2,B,202412,7.0,1910.0,0.0032697281733443952,6.245180811087795,1.1208642650621239,0.44543421303622793,False,0.15263444165006537
E1,M05,102-0,A,202412,3.0,2662.0,0.0009123127127267623,2.4285764412786413,1.235291567936196,0.45583410056692114,False,0.1482784619831855
E1,M05,104-1,A,202412,3.0,2662.0,0.0009123127127267623,2.4285764412786413,1.235291567936196,0.45583410056692114,False,0.1482784619831855
E1,M09,100-0,A,202412,3.0,2441.0,0.0010059194490656556,2.455449375169265,1.2217722875240287,0.4625975483264836,False,0.14549861317026258
E1,M04,104-0,C,202412,6.0,1592.0,0.003396579995315062,5.407355352541579,1.1095997227516894,0.4673320226404175,False,0.14357677203023822
E1,M06,102-0,C,202412,4.0,1540.0,0.0023097495745198152,3.5570143447605154,1.1245386192754614,0.48935737568241827,False,0.13488475253085971
E1,M04,104-1,B,202412,5.0,1910.0,0.0023912937387145575,4.5673710409448045,1.0947216582968267,0.4926035363562936,False,0.13363688231110335
E1,M05,100-0,B,202412,3.0,1879.0,0.0013918576328478401,2.615300492121092,1.147095719607694,0.5007751115051684,False,0.13053165940406933
E1,M11,100-0,A,202412,4.0,2309.0,0.0015666872809729953,3.617480931766646,1.1057418340133573,0.5017472649495196,False,0.1301656157287263
E1,M04,104-0,A,202412,8.0,2706.0,0.00285920975576148,7.737021599090565,1.0339896170046037,0.517852770983362,False,0.12420250760706672
E1,M04,104-1,D,202412,4.0,1194.0,0.0031232919497149996,3.7292105879597095,1.0726130653266333,0.5236492054848205,False,0.12210164647977777
E1,M07,100-0,A,202412,3.0,2530.0,0.0010777864496227748,2.7267997175456204,1.100190813684067,0.526772408363396,False,0.1209792924930036
E1,M08,104-0,A,202412,3.0,2485.0,0.0010994426962884331,2.732115100276756,1.0980503711926735,0.5280139539762148,False,0.12053497808039307
E1,M05,104-0,A,202412,3.0,2662.0,0.0010877574651742166,2.8956103722937647,1.036050992462616,0.5644387273118436,False,0.10794435384076946
E1,M01,100-0,A,202412,2.0,2927.0,0.0014519743694959124,4.249928979514536,0.47059609928551266,,False,0.0
E1,M01,100-0,B,202412,2.0,2066.0,0.0011179179895362877,2.3096185663819706,0.8659438528557598,,False,0.0
E1,M01,100-0,D,202412,0.0,1292.0,0.0013593761179079918,1.7563139443371254,0.0,,False,0.0
E1,M01,101-0,A,202412,2.0,2927.0,0.001041633786812285,3.048862093999558,0.6559824414282904,,False,0.0
E1,M01,101-0,C,202412,1.0,1722.0,0.0008048937540244687,1.3860270444301352,0.721486643437863,,False,0.0
E1,M01,101-0,D,202412,0.0,1292.0,0.0012162838949703084,1.5714387923016384,0.0,,False,0.0
E1,M01,101-0,E,202412,0.0,603.0,0.0007665184730952016,0.46221063927640654,0.0,,False,0.0
E1,M01,102-0,A,202412,1.0,2927.0,0.0011363277674315837,3.3260313752722452,0.3006586189879664,,False,0.0
E1,M01,102-0,B,202412,1.0,2066.0,0.0012520681482806422,2.586772794347807,0.38658207716774995,,False,0.0
E1,M01,102-0,C,202412,2.0,1722.0,0.0009658725048293626,1.6632324533161624,1.2024777390631047,,False,0.0
E1,M01,102-0,D,202412,0.0,1292.0,0.0013593761179079918,1.7563139443371254,0.0,,False,0.0
E1,M01,102-0,E,202412,1.0,603.0,0.000919822167714242,0.5546527671316879,1.8029297954671089,,False,0.0
E1,M01,103-0,A,202412,1.0,2927.0,0.0007575518449543891,2.2173542501814967,0.4509879284819497,,False,0.0
E1,M01,103-0,B,202412,1.0,2066.0,0.0010284845503733845,2.1248490810714125,0.4706216591607391,,False,0.0
E1,M01,103-0,C,202412,2.0,1722.0,0.0007512341704228376,1.2936252414681262,1.5460428073668493,,False,0.0
E1,M01,103-0,D,202412,1.0,1292.0,0.0009300994490949417,1.2016884882306647,0.83216241962372,,False,0.0
E1,M01,103-0,E,202412,0.0,603.0,,,,,False,0.0
E1,M01,103-1,A,202412,3.0,2927.0,0.001041633786812285,3.048862093999558,0.9839736621424356,,False,0.0
E1,M01,103-1,B,202412,0.0,2066.0,0.0006260340741403211,1.2933863971739035,0.0,,False,0.0
E1,M01,103-1,C,202412,2.0,1722.0,0.000643915003219575,1.108821635544108,1.8037166085946577,,False,0.0
E1,M01,103-1,D,202412,1.0,1292.0,0.0007870072261572583,1.0168133361951777,0.9834646777371236,,False,0.0
E1,M01,103-1,E,202412,0.0,603.0,0.0007665184730952016,0.46221063927640654,0.0,,False,0.0
E1,M01,104-0,A,202412,3.0,2927.0,0.0011047631072251508,3.2336416148480165,0.9277465957342964,,False,0.0
E1,M01,104-0,D,202412,0.0,1292.0,0.0011447377835014667,1.479001216283895,0.0,,False,0.0
E1,M01,104-0,E,202412,0.0,603.0,,,,,False,0.0
E1,M01,105-0,A,202412,1.0,2927.0,0.00022095262144503016,0.6467283229696033,1.5462443262238275,,False,0.0
E1,M01,105-0,B,202412,1.0,2066.0,0.000268300317488709,0.5543084559316728,1.8040496934495,,False,0.0
E1,M01,105-0,C,202412,2.0,1722.0,0.00016097875080489375,0.277205408886027,7.214866434378631,,False,0.0
E1,M01,105-0,D,202412,1.0,1292.0,0.000214638334406525,0.2773127280532303,3.606037151702786,,False,0.0
E1,M01,105-0,E,202412,0.0,603.0,,,,,False,0.0
E1,M02,100-0,A,202412,2.0,2839.0,0.0017308383135756506,4.913849972241272,0.4070128333787475,,False,0.0
E1,M02,100-0,C,202412,2.0,1670.0,0.0012214079502553853,2.0397512769264936,0.9805117038649972,,False,0.0
E1,M02,100-0,D,202412,0.0,1252.0,0.0012584203123843364,1.5755422311051892,0.0,,False,0.0
E1,M02,100-0,E,202412,0.0,584.0,0.0012690355329949238,0.7411167512690354,0.0,,False,0.0
E1,M02,101-0,A,202412,9.0,2839.0,0.0037229352405212107,10.569413147839716,0.851513690884485,,False,0.0
E1,M02,101-0,B,202412,7.0,2004.0,0.0038399259773305573,7.695211658570437,0.9096565904335907,,False,0.0
E1,M02,101-0,C,202412,5.0,1670.0,0.004608039085054408,7.695425272040862,0.6497366712358416,,False,0.0
E1,M02,101-0,D,202412,2.0,1252.0,0.0034791620401214006,4.355910874231993,0.4591462171164435,,False,0.0
E1,M02,101-0,E,202412,1.0,584.0,0.005869289340101523,3.4276649746192893,0.29174379859311367,,False,0.0
E1,M02,102-0,B,202412,2.0,2004.0,0.0010640758732361785,2.1324080499653015,0.9379067951054414,,False,0.0
E1,M02,102-0,C,202412,2.0,1670.0,0.000999333777481679,1.6688874083944039,1.1984031936127744,,False,0.0
E1,M02,102-0,D,202412,2.0,1252.0,0.0009623214153527278,1.2048264120216152,1.659990169574834,,False,0.0
E1,M02,102-0,E,202412,0.0,584.0,0.0012690355329949238,0.7411167512690354,0.0,,False,0.0
E1,M02,103-0,A,202412,2.0,2839.0,0.00035923059338362564,1.0198556546161133,1.9610618335521468,,False,0.0
E1,M02,103-0,B,202412,1.0,2004.0,0.0006476983576220218,1.2979875086745316,0.7704234388366125,,False,0.0
E1,M02,103-0,C,202412,1.0,1670.0,0.0007217410615145459,1.2053075727292917,0.8296637494242284,,False,0.0
E1,M02,103-0,D,202412,0.0,1252.0,0.0005921977940632171,0.7414316381671479,0.0,,False,0.0
E1,M02,103-0,E,202412,0.0,584.0,,,,,False,0.0
E1,M02,103-1,A,202412,0.0,2839.0,0.0007184611867672513,2.0397113092322265,0.0,,False,0.0
E1,M02,103-1,B,202412,0.0,2004.0,0.00037011334721258386,0.741707147814018,0.0,,False,0.0
E1,M02,103-1,C,202412,0.0,1670.0,0.0010548523206751054,1.761603375527426,0.0,,False,0.0
E1,M02,103-1,D,202412,0.0,1252.0,0.000518173069805315,0.6487526833962544,0.0,,False,0.0
E1,M02,103-1,E,202412,1.0,584.0,0.0006345177664974619,0.3705583756345177,2.698630136986302,,False,0.0
E1,M02,104-0,A,202412,1.0,2839.0,0.0007511185134384899,2.132425459651873,0.4689495688929047,,False,0.0
E1,M02,104-0,B,202412,1.0,2004.0,0.0010178117048346056,2.0396946564885496,0.4902694610778443,,False,0.0
E1,M02,104-0,C,202412,2.0,1670.0,0.0008882966910948257,1.483455474128359,1.3482035928143712,,False,0.0
E1,M02,104-0,D,202412,0.0,1252.0,0.0008142719668369235,1.0194685024798282,0.0,,False,0.0
E1,M02,104-0,E,202412,0.0,584.0,0.0006345177664974619,0.3705583756345177,0.0,,False,0.0
E1,M02,104-1,B,202412,1.0,2004.0,0.0008790191996298866,1.7615544760582929,0.5676804286164513,,False,0.0
E1,M02,104-1,C,202412,2.0,1670.0,0.0010548523206751054,1.761603375527426,1.1353293413173653,,False,0.0
E1,M02,104-1,D,202412,1.0,1252.0,0.0008882966910948257,1.1121474572507217,0.8991613418530352,,False,0.0
E1,M02,104-1,E,202412,2.0,584.0,0.00047588832487309646,0.27791878172588835,7.1963470319634695,,False,0.0
E1,M02,105-0,A,202412,1.0,2839.0,0.00022860128669867084,0.6489990529375265,1.5408342977909728,,False,0.0
E1,M02,105-0,B,202412,0.0,2004.0,0.00018505667360629193,0.370853573907009,0.0,,False,0.0
E1,M02,105-0,C,202412,0.0,1670.0,0.00033311125916055963,0.5562958027981346,0.0,,False,0.0
E1,M02,105-0,D,202412,0.0,1252.0,,,,,False,0.0
E1,M02,105-0,E,202412,0.0,584.0,0.0006345177664974619,0.3705583756345177,0.0,,False,0.0
E1,M03,100-0,C,202412,0.0,1644.0,0.0012994350282485875,2.136271186440678,0.0,,False,0.0
E1,M03,100-0,D,202412,2.0,1233.0,0.000903954802259887,1.1145762711864406,1.794403892944039,,False,0.0
E1,M03,100-0,E,202412,2.0,575.0,0.0011299435028248588,0.6497175141242938,3.0782608695652174,,False,0.0
E1,M03,101-0,A,202412,3.0,2795.0,0.0010967098703888335,3.0653040877367896,0.9786957228817694,,False,0.0
E1,M03,101-0,B,202412,2.0,1973.0,0.0011299435028248588,2.229378531073446,0.897110998479473,,False,0.0
E1,M03,101-0,C,202412,1.0,1644.0,0.0010734463276836157,1.7647457627118643,0.5666538609296965,,False,0.0
E1,M03,101-0,D,202412,1.0,1233.0,0.0014312617702448211,1.7647457627118643,0.5666538609296965,,False,0.0
E1,M03,101-0,E,202412,0.0,575.0,0.0008071025020177562,0.4640839386602098,0.0,,False,0.0
E1,M03,102-0,B,202412,0.0,1973.0,0.0013182674199623352,2.6009416195856874,0.0,,False,0.0
E1,M03,102-0,C,202412,1.0,1644.0,0.0014124293785310734,2.3220338983050848,0.4306569343065693,,False,0.0
E1,M03,102-0,D,202412,2.0,1233.0,0.0006779661016949153,0.8359322033898305,2.3925385239253854,,False,0.0
E1,M03,102-0,E,202412,0.0,575.0,0.0008071025020177562,0.4640839386602098,0.0,,False,0.0
E1,M03,103-0,B,202412,1.0,1973.0,0.0006591337099811676,1.3004708097928437,0.7689522844109767,,False,0.0
E1,M03,103-0,C,202412,0.0,1644.0,0.0005649717514124294,0.9288135593220339,0.0,,False,0.0
E1,M03,103-0,D,202412,0.0,1233.0,0.0011299435028248588,1.3932203389830509,0.0,,False,0.0
E1,M03,103-0,E,202412,0.0,575.0,0.00048426150121065375,0.2784503631961259,0.0,,False,0.0
E1,M03,103-1,A,202412,1.0,2795.0,0.0009970089730807576,2.786640079760718,0.35885509838998214,,False,0.0
E1,M03,103-1,B,202412,1.0,1973.0,0.0008945386064030132,1.764924670433145,0.5665964200922987,,False,0.0
E1,M03,103-1,C,202412,1.0,1644.0,0.000847457627118644,1.3932203389830509,0.7177615571776156,,False,0.0
E1,M03,103-1,D,202412,0.0,1233.0,0.0006779661016949153,0.8359322033898305,0.0,,False,0.0
E1,M03,103-1,E,202412,1.0,575.0,0.00048426150121065375,0.2784503631961259,3.5913043478260867,,False,0.0
E1,M03,104-0,A,202412,2.0,2795.0,0.0007976071784646061,2.229312063808574,0.8971377459749553,,False,0.0
E1,M03,104-0,B,202412,1.0,1973.0,0.001224105461393597,2.415160075329567,0.41405123006744904,,False,0.0
E1,M03,104-0,C,202412,1.0,1644.0,0.0011299435028248588,1.8576271186440678,0.5383211678832117,,False,0.0
E1,M03,104-0,D,202412,1.0,1233.0,0.0015065913370998117,1.8576271186440678,0.5383211678832117,,False,0.0
E1,M03,104-0,E,202412,0.0,575.0,0.0011299435028248588,0.6497175141242938,0.0,,False,0.0
E1,M03,105-0,A,202412,1.0,2795.0,0.0002658690594882021,0.7431040212695248,1.345706618962433,,False,0.0
E1,M03,105-0,B,202412,1.0,1973.0,0.00023540489642184556,0.4644538606403013,2.153066396350735,,False,0.0
E1,M03,105-0,C,202412,0.0,1644.0,0.00016949152542372882,0.27864406779661016,0.0,,False,0.0
E1,M03,105-0,D,202412,0.0,1233.0,0.0004519774011299435,0.5572881355932203,0.0,,False,0.0
E1,M03,105-0,E,202412,0.0,575.0,0.0008071025020177562,0.4640839386602098,0.0,,False,0.0
E1,M04,100-0,A,202412,2.0,2706.0,0.0008956560680698612,2.4236453201970445,0.8252032520325203,,False,0.0
E1,M04,100-0,B,202412,2.0,1910.0,0.0009760382606998194,1.8642330779366552,1.0728272251308901,,False,0.0
E1,M04,100-0,C,202412,1.0,1592.0,0.0012883579292574372,2.05106582337784,0.48755139333028785,,False,0.0
E1,M04,100-0,E,202412,0.0,557.0,0.002007696168646478,1.1182867659360882,0.0,,False,0.0
E1,M04,101-0,A,202412,2.0,2706.0,0.0009301043783802404,2.5168624478969304,0.7946401686239085,,False,0.0
E1,M04,101-0,B,202412,0.0,1910.0,0.0007808306085598555,1.491386462349324,0.0,,False,0.0
E1,M04,101-0,C,202412,2.0,1592.0,0.0011712344811431249,1.8646052939798547,1.0726130653266333,,False,0.0
E1,M04,101-0,D,202412,0.0,1194.0,0.0009369875849144999,1.118763176387913,0.0,,False,0.0
E1,M04,101-0,E,202412,1.0,557.0,0.0011711560983771122,0.6523339467960515,1.532957168504745,,False,0.0
E1,M04,102-0,A,202412,2.0,2706.0,0.0011712425505528954,3.169382341796135,0.6310377809660449,,False,0.0
E1,M04,102-0,B,202412,1.0,1910.0,0.0009760382606998194,1.8642330779366552,0.5364136125654451,,False,0.0
E1,M04,102-0,C,202412,2.0,1592.0,0.000995549308971656,1.5849144998828764,1.2618977239136862,,False,0.0
E1,M04,102-0,D,202412,1.0,1194.0,0.0006246583899429999,0.7458421175919419,1.3407663316582916,,False,0.0
E1,M04,102-0,E,202412,2.0,557.0,0.001003848084323239,0.5591433829680441,3.5769000598444047,,False,0.0
E1,M04,103-0,A,202412,1.0,2706.0,0.0006889662062075856,1.8643425539977265,0.5363821138211382,,False,0.0
E1,M04,103-0,B,202412,0.0,1910.0,0.0009760382606998194,1.8642330779366552,0.0,,False,0.0
E1,M04,103-0,C,202412,1.0,1592.0,0.0007027406886858749,1.118763176387913,0.8938442211055276,,False,0.0
E1,M04,103-0,D,202412,1.0,1194.0,0.0007808229874287499,0.9323026469899274,1.0726130653266333,,False,0.0
E1,M04,103-0,E,202412,0.0,557.0,0.001003848084323239,0.5591433829680441,0.0,,False,0.0
E1,M04,103-1,B,202412,1.0,1910.0,0.0006344248694548826,1.2117515006588258,0.8252517116391462,,False,0.0
E1,M04,103-1,C,202412,0.0,1592.0,0.0006441789646287186,1.02553291168892,0.0,,False,0.0
E1,M04,103-1,D,202412,0.0,1194.0,0.0005465760912001249,0.6526118528929492,0.0,,False,0.0
E1,M04,103-1,E,202412,0.0,557.0,0.0008365400702693659,0.46595281914003683,0.0,,False,0.0
E1,M04,104-0,B,202412,4.0,1910.0,0.0029281147820994584,5.592699233809966,0.71521815008726,,False,0.0
E1,M04,104-0,D,202412,2.0,1194.0,0.0032794565472007496,3.915671117357695,0.5107681263460159,,False,0.0
E1,M04,104-0,E,202412,1.0,557.0,0.004182700351346829,2.329764095700184,0.42922800718132853,,False,0.0
E1,M04,104-1,A,202412,7.0,2706.0,0.0032381411691756517,8.762410003789313,0.7988669780314825,,False,0.0
E1,M04,104-2,A,202412,7.0,2706.0,0.0030314513073133762,8.203107237589997,0.8533351810790835,,False,0.0
E1,M04,104-2,D,202412,2.0,1194.0,0.0032013742484578744,3.822440852658702,0.5232258855251869,,False,0.0
E1,M04,104-2,E,202412,2.0,557.0,0.002676928224861971,1.4910490212481178,1.3413375224416517,,False,0.0
E1,M04,105-0,A,202412,0.0,2706.0,0.0002755864824830342,0.7457370215990905,0.0,,False,0.0
E1,M04,105-0,B,202412,1.0,1910.0,0.00029281147820994584,0.5592699233809966,1.78804537521815,,False,0.0
E1,M04,105-0,C,202412,0.0,1592.0,0.00017568517217146873,0.2796907940969782,0.0,,False,0.0
E1,M04,105-0,D,202412,0.0,1194.0,,,,,False,0.0
E1,M04,105-0,E,202412,0.0,557.0,,,,,False,0.0
E1,M05,100-0,C,202412,1.0,1566.0,0.0010737294201861132,1.6814602720114533,0.5947211579395487,,False,0.0
E1,M05,100-0,D,202412,1.0,1174.0,0.0011930326890956812,1.4006203769983299,0.7139693356047699,,False,0.0
E1,M05,100-0,E,202412,1.0,548.0,0.0008520790729379687,0.4669393319700068,2.1416058394160586,,False,0.0
E1,M05,101-0,A,202412,2.0,2662.0,0.0008421348117477807,2.241762868872592,0.8921550212872527,,False,0.0
E1,M05,101-0,B,202412,2.0,1879.0,0.0006959288164239201,1.307650246060546,1.5294609594769253,,False,0.0
E1,M05,101-0,C,202412,0.0,1566.0,0.0004772130756382725,0.7473156764495347,0.0,,False,0.0
E1,M05,101-0,D,202412,0.0,1174.0,0.0007158196134574087,0.8403722261989978,0.0,,False,0.0
E1,M05,101-0,E,202412,0.0,548.0,0.0005112474437627812,0.2801635991820041,0.0,,False,0.0
E1,M05,102-0,B,202412,1.0,1879.0,0.0010936024258090173,2.0548789580951436,0.4866466689244762,,False,0.0
E1,M05,102-0,C,202412,2.0,1566.0,0.0014316392269148174,2.241947029348604,0.8920817369093231,,False,0.0
E1,M05,102-0,D,202412,2.0,1174.0,0.0007953551260637875,0.9337469179988865,2.14190800681431,,False,0.0
E1,M05,102-0,E,202412,0.0,548.0,0.0010224948875255625,0.5603271983640082,0.0,,False,0.0
E1,M05,103-0,A,202412,1.0,2662.0,0.0005965121583213446,1.5879153654514195,0.6297564856145312,,False,0.0
E1,M05,103-0,B,202412,2.0,1879.0,0.0006462196152507829,1.2142466570562211,1.647111802513612,,False,0.0
E1,M05,103-0,C,202412,1.0,1566.0,0.00035790980672870435,0.560486757337151,1.7841634738186463,,False,0.0
E1,M05,103-0,D,202412,0.0,1174.0,0.0010339616638829238,1.2138709933985525,0.0,,False,0.0
E1,M05,103-0,E,202412,2.0,548.0,0.0008520790729379687,0.4669393319700068,4.283211678832117,,False,0.0
E1,M05,103-1,A,202412,1.0,2662.0,0.0008421348117477807,2.241762868872592,0.44607751064362633,,False,0.0
E1,M05,103-1,B,202412,0.0,1879.0,0.0004473828105582343,0.8406323010389223,0.0,,False,0.0
E1,M05,103-1,C,202412,2.0,1566.0,0.0005368647100930566,0.8407301360057267,2.378884631758195,,False,0.0
E1,M05,103-1,D,202412,0.0,1174.0,0.0005567485882446513,0.6536228425992205,0.0,,False,0.0
E1,M05,103-1,E,202412,1.0,548.0,0.0011929107021131562,0.6537150647580096,1.529718456725756,,False,0.0
E1,M05,104-0,B,202412,1.0,1879.0,0.0012427300293284286,2.3350897251081175,0.4282490686535391,,False,0.0
E1,M05,104-0,C,202412,1.0,1566.0,0.0008947745168217609,1.4012168933428777,0.7136653895274584,,False,0.0
E1,M05,104-0,D,202412,1.0,1174.0,0.0008748906386701663,1.0271216097987752,0.973594548551959,,False,0.0
E1,M05,104-0,E,202412,0.0,548.0,0.0008520790729379687,0.4669393319700068,0.0,,False,0.0
E1,M05,104-1,B,202412,0.0,1879.0,0.0010438932246358802,1.9614753690908189,0.0,,False,0.0
E1,M05,104-1,C,202412,1.0,1566.0,0.0007754712479121927,1.214387974230494,0.8234600648393752,,False,0.0
E1,M05,104-1,D,202412,0.0,1174.0,0.0007158196134574087,0.8403722261989978,0.0,,False,0.0
E1,M05,104-1,E,202412,0.0,548.0,0.0006816632583503749,0.3735514655760055,0.0,,False,0.0
E1,M05,105-0,A,202412,1.0,2662.0,0.00024562265342643603,0.6538475034211727,1.5294086079210045,,False,0.0
E1,M05,105-0,B,202412,1.0,1879.0,0.00024854600586568575,0.4670179450216235,2.1412453432676957,,False,0.0
E1,M05,105-0,C,202412,0.0,1566.0,0.00035790980672870435,0.560486757337151,0.0,,False,0.0
E1,M05,105-0,D,202412,0.0,1174.0,0.0005567485882446513,0.6536228425992205,0.0,,False,0.0
E1,M05,105-0,E,202412,1.0,548.0,,,,,False,0.0
E1,M06,100-0,A,202412,3.0,2618.0,0.0012513854624763131,3.2761271407629877,0.9157153770599148,,False,0.0
E1,M06,100-0,B,202412,2.0,1848.0,0.001063668135541711,1.9656587144810818,1.017470624613482,,False,0.0
E1,M06,100-0,D,202412,2.0,1155.0,0.0016208768943998704,1.8721128130318503,1.0683116883116883,,False,0.0
E1,M06,100-0,E,202412,1.0,539.0,0.0010418475429762111,0.5615558256641778,1.7807668521954236,,False,0.0
E1,M06,101-0,A,202412,1.0,2618.0,0.0009653544996245844,2.527298080017162,0.39567948391477803,,False,0.0
E1,M06,101-0,B,202412,1.0,1848.0,0.0005065086359722433,0.9360279592767057,1.0683441558441558,,False,0.0
E1,M06,101-0,C,202412,1.0,1540.0,0.0009725261366399222,1.49769025042548,0.6676948051948053,,False,0.0
E1,M06,101-0,D,202412,0.0,1155.0,0.0010535699813599157,1.2168733284707027,0.0,,False,0.0
E1,M06,101-0,E,202412,0.0,539.0,0.0010418475429762111,0.5615558256641778,0.0,,False,0.0
E1,M06,102-0,D,202412,3.0,1155.0,0.0027554907204797798,3.182591782154146,0.9426279602750189,,False,0.0
E1,M06,102-0,E,202412,1.0,539.0,0.002430977600277826,1.3102969265497482,0.7631857937980387,,False,0.0
E1,M06,103-0,A,202412,1.0,2618.0,0.0006078157960599235,1.59126175408488,0.6284321215117062,,False,0.0
E1,M06,103-0,B,202412,0.0,1848.0,0.000759762953958365,1.4040419389150585,0.0,,False,0.0
E1,M06,103-0,C,202412,0.0,1540.0,0.00042548018477996596,0.6552394845611476,0.0,,False,0.0
E1,M06,103-0,D,202412,2.0,1155.0,0.0008914822919199286,1.0296620471675175,1.9423848878394334,,False,0.0
E1,M06,103-0,E,202412,1.0,539.0,0.0010418475429762111,0.5615558256641778,1.7807668521954236,,False,0.0
E1,M06,103-1,A,202412,2.0,2618.0,0.0007508312774857878,1.9656762844577924,1.0174615300665721,,False,0.0
E1,M06,103-1,B,202412,0.0,1848.0,0.0011143189991389354,2.059261510408753,0.0,,False,0.0
E1,M06,103-1,C,202412,0.0,1540.0,0.0009117432530999271,1.4040846097738877,0.0,,False,0.0
E1,M06,103-1,D,202412,2.0,1155.0,0.0004052192235999676,0.46802820325796257,4.273246753246753,,False,0.0
E1,M06,103-1,E,202412,0.0,539.0,,,,,False,0.0
E1,M06,104-0,A,202412,1.0,2618.0,0.00082233901819872,2.152883549644249,0.46449330720430465,,False,0.0
E1,M06,104-0,B,202412,2.0,1848.0,0.0010130172719444866,1.8720559185534114,1.0683441558441558,,False,0.0
E1,M06,104-0,C,202412,2.0,1540.0,0.0009117432530999271,1.4040846097738877,1.4244155844155844,,False,0.0
E1,M06,104-0,D,202412,0.0,1155.0,0.0014587892049598833,1.6849015317286653,0.0,,False,0.0
E1,M06,104-0,E,202412,0.0,539.0,0.001215488800138913,0.6551484632748741,0.0,,False,0.0
E1,M06,105-0,A,202412,0.0,2618.0,0.00035753870356466087,0.9360363259322821,0.0,,False,0.0
E1,M06,105-0,B,202412,0.0,1848.0,0.00020260345438889734,0.37441118371068227,0.0,,False,0.0
E1,M06,105-0,C,202412,1.0,1540.0,0.00036469730123997083,0.5616338439095551,1.7805194805194806,,False,0.0
E1,M06,105-0,D,202412,0.0,1155.0,,,,,False,0.0
E1,M06,105-0,E,202412,0.0,539.0,,,,,False,0.0
E1,M07,100-0,D,202412,1.0,1116.0,0.001347822424395586,1.5041698256254739,0.6648185483870968,,False,0.0
E1,M07,100-0,E,202412,1.0,521.0,0.001804728388377549,0.9402634903447031,1.063531669865643,,False,0.0
E1,M07,101-0,A,202412,2.0,2530.0,0.0007804660497268369,1.9745791058088973,1.0128740824392999,,False,0.0
E1,M07,101-0,B,202412,1.0,1786.0,0.0005265097667561733,0.9403464434265255,1.063437849944009,,False,0.0
E1,M07,101-0,C,202412,1.0,1488.0,0.0008213292898660602,1.2221379833206976,0.8182382133995036,,False,0.0
E1,M07,101-0,D,202412,1.0,1116.0,0.0010108668182966893,1.1281273692191054,0.8864247311827957,,False,0.0
E1,M07,101-0,E,202412,0.0,521.0,0.0009023641941887746,0.47013174517235157,0.0,,False,0.0
E1,M07,102-0,A,202412,2.0,2530.0,0.0010034563496487902,2.5387445646114393,0.7877909530083443,,False,0.0
E1,M07,102-0,B,202412,0.0,1786.0,0.0014742273469172853,2.6329700415942714,0.0,,False,0.0
E1,M07,102-0,C,202412,1.0,1488.0,0.0012635835228708618,1.8802122820318423,0.5318548387096774,,False,0.0
E1,M07,102-0,D,202412,1.0,1116.0,0.0010108668182966893,1.1281273692191054,0.8864247311827957,,False,0.0
E1,M07,102-0,E,202412,0.0,521.0,0.0009023641941887746,0.47013174517235157,0.0,,False,0.0
E1,M07,103-0,A,202412,2.0,2530.0,0.0008547961497008213,2.162634258743078,0.9247980752706652,,False,0.0
E1,M07,103-0,B,202412,0.0,1786.0,0.000631811720107408,1.1284157321118307,0.0,,False,0.0
E1,M07,103-0,C,202412,2.0,1488.0,0.0005054334091483447,0.7520849128127368,2.6592741935483875,,False,0.0
E1,M07,103-0,D,202412,0.0,1116.0,0.0003369556060988965,0.37604245640636846,0.0,,False,0.0
E1,M07,103-0,E,202412,0.0,521.0,,,,,False,0.0
E1,M07,103-1,A,202412,1.0,2530.0,0.0007061359497528524,1.7865239528747165,0.5597462034532973,,False,0.0
E1,M07,103-1,B,202412,0.0,1786.0,0.0007371136734586427,1.3164850207971357,0.0,,False,0.0
E1,M07,103-1,C,202412,2.0,1488.0,0.0008213292898660602,1.2221379833206976,1.6364764267990073,,False,0.0
E1,M07,103-1,D,202412,2.0,1116.0,0.00025271670457417233,0.28203184230477635,7.091397849462366,,False,0.0
E1,M07,103-1,E,202412,0.0,521.0,0.0005414185165132648,0.282079047103411,0.0,,False,0.0
E1,M07,104-0,B,202412,0.0,1786.0,0.0011583214868635813,2.0687621755383563,0.0,,False,0.0
E1,M07,104-0,C,202412,0.0,1488.0,0.0006317917614354309,0.9401061410159212,0.0,,False,0.0
E1,M07,104-0,D,202412,1.0,1116.0,0.0005896723106730688,0.6580742987111449,1.519585253456221,,False,0.0
E1,M07,104-0,E,202412,0.0,521.0,0.0005414185165132648,0.282079047103411,0.0,,False,0.0
E1,M07,104-1,A,202412,2.0,2530.0,0.0010406213996357824,2.6327721410785294,0.759655561829475,,False,0.0
E1,M07,104-1,B,202412,1.0,1786.0,0.0008950666034854947,1.5985889538250935,0.6255516764376523,,False,0.0
E1,M07,104-1,C,202412,1.0,1488.0,0.0008845084660096032,1.3161485974222895,0.7597926267281107,,False,0.0
E1,M07,104-1,D,202412,2.0,1116.0,0.0010108668182966893,1.1281273692191054,1.7728494623655915,,False,0.0
E1,M07,104-1,E,202412,1.0,521.0,,,,,False,0.0
E1,M07,105-0,A,202412,0.0,2530.0,0.0002601553499089456,0.6581930352696324,0.0,,False,0.0
E1,M07,105-0,B,202412,1.0,1786.0,0.00021060390670246933,0.37613857737061024,2.6585946248600223,,False,0.0
E1,M07,105-0,C,202412,0.0,1488.0,0.0003790750568612585,0.5640636846095527,0.0,,False,0.0
E1,M07,105-0,D,202412,1.0,1116.0,0.0004211945076236206,0.4700530705079606,2.1274193548387097,,False,0.0
E1,M07,105-0,E,202412,0.0,521.0,0.0007218913553510197,0.37610539613788124,0.0,,False,0.0
E1,M08,100-0,A,202412,3.0,2485.0,0.0014406490503089814,3.5800128900178185,0.8379858095944086,,False,0.0
E1,M08,100-0,B,202412,0.0,1754.0,0.0014501315860142865,2.5435308018690583,0.0,,False,0.0
E1,M08,100-0,E,202412,0.0,512.0,0.0011045655375552283,0.5655375552282769,0.0,,False,0.0
E1,M08,101-0,A,202412,1.0,2485.0,0.0009098836107214619,2.261060772642833,0.44227028839704896,,False,0.0
E1,M08,101-0,B,202412,1.0,1754.0,0.000966754390676191,1.6956872012460389,0.5897314075763335,,False,0.0
E1,M08,101-0,C,202412,2.0,1462.0,0.0009667440061871616,1.4133797370456302,1.4150478796169632,,False,0.0
E1,M08,101-0,D,202412,0.0,1096.0,0.0009452608060496691,1.0360058434304373,0.0,,False,0.0
E1,M08,101-0,E,202412,1.0,512.0,,,,,False,0.0
E1,M08,102-0,A,202412,0.0,2485.0,0.0010236190620616446,2.543693369223187,0.0,,False,0.0
E1,M08,102-0,B,202412,1.0,1754.0,0.000966754390676191,1.6956872012460389,0.5897314075763335,,False,0.0
E1,M08,102-0,C,202412,2.0,1462.0,0.0009022944057746842,1.3191544212425883,1.5161227281610319,,False,0.0
E1,M08,102-0,D,202412,0.0,1096.0,0.001288992008249549,1.4127352410415057,0.0,,False,0.0
E1,M08,102-0,E,202412,1.0,512.0,0.0011045655375552283,0.5655375552282769,1.7682291666666667,,False,0.0
E1,M08,103-0,A,202412,0.0,2485.0,0.0007203245251544907,1.7900064450089093,0.0,,False,0.0
E1,M08,103-0,B,202412,1.0,1754.0,0.0006982115043772491,1.2246629786776948,0.8165511797210772,,False,0.0
E1,M08,103-0,C,202412,2.0,1462.0,0.0008378448053622067,1.2249291054395464,1.632747553404188,,False,0.0
E1,M08,103-0,D,202412,1.0,1096.0,0.0006015296038497895,0.6592764458193693,1.5168143899895723,,False,0.0
E1,M08,103-0,E,202412,0.0,512.0,0.0007363770250368188,0.37702503681885124,0.0,,False,0.0
E1,M08,103-1,B,202412,1.0,1754.0,0.0007519200816370374,1.3188678231913635,0.758226095455286,,False,0.0
E1,M08,103-1,C,202412,1.0,1462.0,0.0008378448053622067,1.2249291054395464,0.816373776702094,,False,0.0
E1,M08,103-1,D,202412,1.0,1096.0,0.0007733952049497294,0.8476411446249034,1.1797445255474452,,False,0.0
E1,M08,103-1,E,202412,0.0,512.0,0.0005522827687776141,0.28276877761413843,0.0,,False,0.0
E1,M08,104-0,B,202412,1.0,1754.0,0.000966754390676191,1.6956872012460389,0.5897314075763335,,False,0.0
E1,M08,104-0,C,202412,1.0,1462.0,0.0009022944057746842,1.3191544212425883,0.7580613640805159,,False,0.0
E1,M08,104-0,D,202412,1.0,1096.0,0.001288992008249549,1.4127352410415057,0.7078467153284671,,False,0.0
E1,M08,104-0,E,202412,0.0,512.0,0.0009204712812960235,0.47128129602356406,0.0,,False,0.0
E1,M08,105-0,A,202412,0.0,2485.0,0.00030329453690715395,0.7536869242142775,0.0,,False,0.0
E1,M08,105-0,B,202412,1.0,1754.0,,,,,False,0.0
E1,M08,105-0,C,202412,0.0,1462.0,0.0003866976024748647,0.5653518948182522,0.0,,False,0.0
E1,M08,105-0,D,202412,0.0,1096.0,,,,,False,0.0
E1,M08,105-0,E,202412,0.0,512.0,,,,,False,0.0
E1,M09,100-0,B,202412,0.0,1723.0,0.0011510002740476844,1.9831734721841603,0.0,,False,0.0
E1,M09,100-0,C,202412,2.0,1436.0,0.0009208103130755065,1.3222836095764272,1.5125348189415042,,False,0.0
E1,M09,100-0,D,202412,0.0,1077.0,0.0013154433043935806,1.4167324388318863,0.0,,False,0.0
E1,M09,100-0,E,202412,1.0,503.0,0.001503194287861706,0.7561067267944381,1.3225646123260437,,False,0.0
E1,M09,101-0,A,202412,1.0,2441.0,0.0009672302394862073,2.361009014585832,0.42354772634166327,,False,0.0
E1,M09,101-0,B,202412,2.0,1723.0,0.000822143052891203,1.4165524801315428,1.4118785064809443,,False,0.0
E1,M09,101-0,C,202412,2.0,1436.0,0.0008550381478558274,1.2278347803209682,1.6288836511677738,,False,0.0
E1,M09,101-0,D,202412,1.0,1077.0,0.00114005086380777,1.2278347803209684,0.8144418255838868,,False,0.0
E1,M09,101-0,E,202412,0.0,503.0,,,,,False,0.0
E1,M09,102-0,A,202412,3.0,2441.0,0.0012380547065423454,3.0220915386698652,0.9926899836132732,,False,0.0
E1,M09,102-0,B,202412,2.0,1723.0,0.0013702384214853384,2.360920800219238,0.8471271038885665,,False,0.0
E1,M09,102-0,C,202412,1.0,1436.0,0.0010523546435148646,1.5111812680873455,0.661733983286908,,False,0.0
E1,M09,102-0,D,202412,1.0,1077.0,0.00114005086380777,1.2278347803209684,0.8144418255838868,,False,0.0
E1,M09,102-0,E,202412,0.0,503.0,0.0013152950018789928,0.6615933859451334,0.0,,False,0.0
E1,M09,103-0,B,202412,2.0,1723.0,0.0008769525897506166,1.5109893121403124,1.3236360998258851,,False,0.0
E1,M09,103-0,C,202412,1.0,1436.0,0.0007892659826361484,1.133385951065509,0.8823119777158774,,False,0.0
E1,M09,103-0,D,202412,1.0,1077.0,0.00114005086380777,1.2278347803209684,0.8144418255838868,,False,0.0
E1,M09,103-0,E,202412,1.0,503.0,,,,,False,0.0
E1,M09,103-1,A,202412,0.0,2441.0,0.0006190273532711727,1.5110457693349326,0.0,,False,0.0
E1,M09,103-1,C,202412,1.0,1436.0,0.0008550381478558274,1.2278347803209682,0.8144418255838869,,False,0.0
E1,M09,103-1,D,202412,0.0,1077.0,0.0004384811014645269,0.47224414627729544,0.0,,False,0.0
E1,M09,103-1,E,202412,1.0,503.0,0.001503194287861706,0.7561067267944381,1.3225646123260437,,False,0.0
E1,M09,104-0,A,202412,2.0,2441.0,0.0007737841915889658,1.8888072116686656,1.0588693158541582,,False,0.0
E1,M09,104-0,B,202412,2.0,1723.0,0.0008769525897506166,1.5109893121403124,1.3236360998258851,,False,0.0
E1,M09,104-0,C,202412,1.0,1436.0,0.0007234938174164693,1.03893712181005,0.9625221575082299,,False,0.0
E1,M09,104-0,D,202412,0.0,1077.0,0.0007892659826361484,0.8500394632991318,0.0,,False,0.0
E1,M09,104-0,E,202412,0.0,503.0,,,,,False,0.0
E1,M09,104-1,A,202412,2.0,2441.0,0.0010832978682245521,2.6443300963361316,0.756335225610113,,False,0.0
E1,M09,104-1,D,202412,0.0,1077.0,0.00114005086380777,1.2278347803209684,0.0,,False,0.0
E1,M09,104-1,E,202412,1.0,503.0,0.0009394964299135663,0.47256670424652386,2.11610337972167,,False,0.0
E1,M09,105-0,A,202412,0.0,2441.0,0.00019344604789724146,0.4722018029171664,0.0,,False,0.0
E1,M09,105-0,B,202412,0.0,1723.0,0.0002740476842970677,0.47218416004384767,0.0,,False,0.0
E1,M09,105-0,C,202412,0.0,1436.0,0.00026308866087871614,0.3777953170218364,0.0,,False,0.0
E1,M09,105-0,D,202412,1.0,1077.0,,,,,False,0.0
E1,M09,105-0,E,202412,0.0,503.0,0.000751597143930853,0.37805336339721907,0.0,,False,0.0
E1,M10,100-0,B,202412,1.0,1692.0,0.0011750881316098707,1.9882491186839013,0.5029550827423168,,False,0.0
E1,M10,100-0,C,202412,1.0,1410.0,0.001275852806876175,1.7989524576954068,0.555879059350504,,False,0.0
E1,M10,100-0,D,202412,1.0,1058.0,0.0016116035455278,1.7050765511684125,0.5864839319470699,,False,0.0
E1,M10,100-0,E,202412,0.0,494.0,0.0005755947812739831,0.28434382194934765,0.0,,False,0.0
E1,M10,101-0,B,202412,2.0,1692.0,0.0011191315539141626,1.893570589222763,1.0562056737588654,,False,0.0
E1,M10,101-0,C,202412,0.0,1410.0,0.0008058017727639,1.136180499597099,0.0,,False,0.0
E1,M10,101-0,E,202412,2.0,494.0,0.0011511895625479663,0.5686876438986953,3.5168690958164643,,False,0.0
E1,M10,102-0,A,202412,1.0,2397.0,0.0010269779199747206,2.4616660741794054,0.40622894002118026,,False,0.0
E1,M10,102-0,B,202412,0.0,1692.0,0.0012310447093055788,2.082927648145039,0.0,,False,0.0
E1,M10,102-0,C,202412,1.0,1410.0,0.0009401020682245501,1.3255439161966156,0.7544072948328268,,False,0.0
E1,M10,102-0,D,202412,0.0,1058.0,0.0015220700152207,1.6103500761035008,0.0,,False,0.0
E1,M10,102-0,E,202412,2.0,494.0,,,,,False,0.0
E1,M10,103-0,A,202412,1.0,2397.0,0.0005924872615238773,1.4201919658727338,0.7041301627033792,,False,0.0
E1,M10,103-0,B,202412,0.0,1692.0,0.0005595657769570813,0.9467852946113815,0.0,,False,0.0
E1,M10,103-0,C,202412,1.0,1410.0,0.0005372011818426001,0.7574536663980661,1.3202127659574467,,False,0.0
E1,M10,103-0,D,202412,1.0,1058.0,0.0008058017727639,0.8525382755842063,1.1729678638941399,,False,0.0
E1,M10,103-0,E,202412,1.0,494.0,,,,,False,0.0
E1,M10,103-1,A,202412,1.0,2397.0,0.0005134889599873603,1.2308330370897027,0.8124578800423605,,False,0.0
E1,M10,103-1,B,202412,0.0,1692.0,0.0005595657769570813,0.9467852946113815,0.0,,False,0.0
E1,M10,103-1,C,202412,0.0,1410.0,0.0006043513295729251,0.8521353746978244,0.0,,False,0.0
E1,M10,103-1,D,202412,0.0,1058.0,0.0008953353030710001,0.9472647506491181,0.0,,False,0.0
E1,M10,103-1,E,202412,0.0,494.0,0.0009593246354566385,0.47390636991557944,0.0,,False,0.0
E1,M10,104-0,A,202412,0.0,2397.0,0.0009084804676699451,2.1776276810048585,0.0,,False,0.0
E1,M10,104-0,C,202412,1.0,1410.0,0.0016787536932581252,2.3670427074939564,0.422468085106383,,False,0.0
E1,M10,104-0,D,202412,1.0,1058.0,0.00026860059092130003,0.28417942519473544,3.5189035916824194,,False,0.0
E1,M10,104-0,E,202412,0.0,494.0,0.0009593246354566385,0.47390636991557944,0.0,,False,0.0
E1,M10,105-0,A,202412,2.0,2397.0,0.00035549235691432633,0.8521151795236402,2.3471005423445974,,False,0.0
E1,M10,105-0,B,202412,1.0,1692.0,0.00027978288847854064,0.47339264730569075,2.112411347517731,,False,0.0
E1,M10,105-0,C,202412,0.0,1410.0,0.00040290088638195,0.5680902497985495,0.0,,False,0.0
E1,M10,105-0,D,202412,1.0,1058.0,0.00044766765153550004,0.47363237532455904,2.111342155009452,,False,0.0
E1,M10,105-0,E,202412,1.0,494.0,,,,,False,0.0
E1,M11,100-0,B,202412,0.0,1630.0,0.002044273114888149,3.332165177267683,0.0,,False,0.0
E1,M11,100-0,C,202412,2.0,1358.0,0.0006307821698906644,0.8566021867115223,2.3348060873834067,,False,0.0
E1,M11,100-0,D,202412,1.0,1018.0,0.0014017381553125877,1.4269694421082142,0.7007858546168959,,False,0.0
E1,M11,100-0,E,202412,1.0,475.0,0.0024028834601521826,1.1413696435722867,0.8761403508771931,,False,0.0
E1,M11,101-0,A,202412,0.0,2309.0,0.0009070294784580499,2.0943310657596372,0.0,,False,0.0
E1,M11,101-0,B,202412,2.0,1630.0,0.0006424858361077039,1.0472519128555575,1.909760178471835,,False,0.0
E1,M11,101-0,C,202412,0.0,1358.0,0.0009812167087188113,1.3324922904401457,0.0,,False,0.0
E1,M11,101-0,D,202412,0.0,1018.0,0.0012148397346042426,1.236706849827119,0.0,,False,0.0
E1,M11,101-0,E,202412,1.0,475.0,0.0014016820184221065,0.6657989587505005,1.5019548872180453,,False,0.0
E1,M11,102-0,B,202412,0.0,1630.0,0.0011097482623678523,1.8088896676595994,0.0,,False,0.0
E1,M11,102-0,D,202412,1.0,1018.0,0.0008410428931875525,0.8561816652649284,1.1679764243614932,,False,0.0
E1,M11,102-0,E,202412,0.0,475.0,0.001001201441730076,0.47557068482178616,0.0,,False,0.0
E1,M11,103-0,A,202412,2.0,2309.0,0.0006184291898577613,1.427952999381571,1.400606323083586,,False,0.0
E1,M11,103-0,B,202412,2.0,1630.0,0.0005256702295426669,0.8568424741545471,2.334151329243354,,False,0.0
E1,M11,103-0,C,202412,1.0,1358.0,0.0007008690776562938,0.951780207457247,1.0506627393225332,,False,0.0
E1,M11,103-0,D,202412,0.0,1018.0,0.0010279413138958977,1.0464442575460238,0.0,,False,0.0
E1,M11,103-0,E,202412,1.0,475.0,0.0006007208650380457,0.28534241089307166,3.5045614035087724,,False,0.0
E1,M11,103-1,B,202412,1.0,1630.0,0.0005840780328251854,0.9520471935050522,1.0503680981595094,,False,0.0
E1,M11,103-1,C,202412,0.0,1358.0,0.0009812167087188113,1.3324922904401457,0.0,,False,0.0
E1,M11,103-1,D,202412,0.0,1018.0,0.00112139052425007,1.1415755536865713,0.0,,False,0.0
E1,M11,103-1,E,202412,0.0,475.0,,,,,False,0.0
E1,M11,104-0,B,202412,1.0,1630.0,0.0008761170492377782,1.4280707902575784,0.7002453987730062,,False,0.0
E1,M11,104-0,C,202412,1.0,1358.0,0.0009111298009531819,1.237314269694421,0.8082021071711794,,False,0.0
E1,M11,104-0,D,202412,2.0,1018.0,0.0009344921035417251,0.9513129614054762,2.1023575638506875,,False,0.0
E1,M11,104-0,E,202412,0.0,475.0,,,,,False,0.0
E1,M11,104-1,A,202412,1.0,2309.0,0.0010307153164296021,2.379921665635951,0.4201818969250758,,False,0.0
E1,M11,104-1,B,202412,0.0,1630.0,0.0011681560656503708,1.9040943870101044,0.0,,False,0.0
E1,M11,104-1,C,202412,2.0,1358.0,0.0010513036164844407,1.4276703111858704,1.4008836524300443,,False,0.0
E1,M11,104-1,E,202412,1.0,475.0,0.0016019223067681217,0.7609130957148579,1.3142105263157895,,False,0.0
E1,M11,104-2,A,202412,1.0,2309.0,0.0006596578025149454,1.5231498660070089,0.6565342139454309,,False,0.0
E1,M11,104-2,B,202412,2.0,1630.0,0.0012849716722154079,2.094503825711115,0.9548800892359175,,False,0.0
E1,M11,104-2,C,202412,2.0,1358.0,0.001261564339781329,1.7132043734230447,1.1674030436917033,,False,0.0
E1,M11,104-2,D,202412,1.0,1018.0,0.0006541444724792075,0.6659190729838332,1.5016839741790626,,False,0.0
E1,M11,104-2,E,202412,0.0,475.0,0.0008009611533840609,0.38045654785742894,0.0,,False,0.0
E1,M11,105-0,A,202412,1.0,2309.0,0.0002473716759431045,0.5711811997526284,1.7507579038544823,,False,0.0
E1,M11,105-0,B,202412,0.0,1630.0,,,,,False,0.0
E1,M11,105-0,C,202412,2.0,1358.0,0.0003504345388281469,0.4758901037286235,4.202650957290133,,False,0.0
E1,M11,105-0,D,202412,0.0,1018.0,,,,,False,0.0
E1,M11,105-0,E,202412,0.0,475.0,,,,,False,0.0
E1,M12,100-0,A,202412,2.0,2220.0,0.0016382841129553784,3.63699073076094,0.5499051683262209,,False,0.0
E1,M12,100-0,D,202412,2.0,980.0,0.000977230528681716,0.9576859181080817,2.0883673469387753,,False,0.0
E1,M12,100-0,E,202412,0.0,457.0,,,,,False,0.0
E1,M12,101-0,A,202412,1.0,2220.0,0.0008191420564776892,1.81849536538047,0.5499051683262209,,False,0.0
E1,M12,101-0,B,202412,0.0,1567.0,0.0009161424296097233,1.4355951871984365,0.0,,False,0.0
E1,M12,101-0,C,202412,1.0,1306.0,0.0008795074758135445,1.148636763412489,0.8705972434915773,,False,0.0
E1,M12,101-0,D,202412,1.0,980.0,0.0005863383172090296,0.574611550864849,1.7403061224489795,,False,0.0
E1,M12,101-0,E,202412,0.0,457.0,0.001256281407035176,0.5741206030150754,0.0,,False,0.0
E1,M12,102-0,B,202412,0.0,1567.0,0.000977218591583705,1.5313015330116657,0.0,,False,0.0
E1,M12,102-0,C,202412,2.0,1306.0,0.001465845793022574,1.9143946056874817,1.0447166921898927,,False,0.0
E1,M12,102-0,D,202412,0.0,980.0,0.0005863383172090296,0.574611550864849,0.0,,False,0.0
E1,M12,102-0,E,202412,0.0,457.0,,,,,False,0.0
E1,M12,103-0,A,202412,2.0,2220.0,0.0006898038370338435,1.5313645182151325,1.3060247747747749,,False,0.0
E1,M12,103-0,B,202412,2.0,1567.0,0.0007329139436877787,1.1484761497587492,1.7414379919166134,,False,0.0
E1,M12,103-0,C,202412,1.0,1306.0,0.0005130460275579009,0.6700381119906186,1.4924524174141325,,False,0.0
E1,M12,103-0,D,202412,1.0,980.0,0.0005863383172090296,0.574611550864849,1.7403061224489795,,False,0.0
E1,M12,103-0,E,202412,0.0,457.0,,,,,False,0.0
E1,M12,103-1,A,202412,1.0,2220.0,0.0007329165768484588,1.6270748006035785,0.6145998940116587,,False,0.0
E1,M12,103-1,B,202412,0.0,1567.0,0.000977218591583705,1.5313015330116657,0.0,,False,0.0
E1,M12,103-1,C,202412,0.0,1306.0,0.0005863383172090296,0.7657578422749927,0.0,,False,0.0
E1,M12,103-1,D,202412,0.0,980.0,0.000488615264340858,0.47884295905404084,0.0,,False,0.0
E1,M12,103-1,E,202412,1.0,457.0,0.0010469011725293131,0.4784338358458961,2.090153172866521,,False,0.0
E1,M12,104-0,B,202412,0.0,1567.0,0.0009161424296097233,1.4355951871984365,0.0,,False,0.0
E1,M12,104-0,C,202412,0.0,1306.0,0.0009527997654646731,1.2443564936968632,0.0,,False,0.0
E1,M12,104-0,D,202412,2.0,980.0,0.001270399687286231,1.2449916935405063,1.6064364207221349,,False,0.0
E1,M12,104-0,E,202412,0.0,457.0,0.0020938023450586263,0.9568676716917922,0.0,,False,0.0
E1,M12,105-0,A,202412,2.0,2220.0,0.0004742401379607674,1.0528131062729036,1.8996723996723999,,False,0.0
E1,M12,105-0,B,202412,0.0,1567.0,0.00042753313381787086,0.6699444206926036,0.0,,False,0.0
E1,M12,105-0,C,202412,0.0,1306.0,0.00043975373790677223,0.5743183817062445,0.0,,False,0.0
E1,M12,105-0,D,202412,0.0,980.0,0.000488615264340858,0.47884295905404084,0.0,,False,0.0
E1,M12,105-0,E,202412,0.0,457.0,,,,,False,0.0
E1,M13,100-0,A,202412,2.0,2132.0,0.0013102014999548206,2.7933495979036773,0.7159862845312804,,False,0.0
E1,M13,100-0,C,202412,0.0,1254.0,0.0006144393241167435,0.7705069124423963,0.0,,False,0.0
E1,M13,100-0,D,202412,0.0,940.0,0.001638504864311316,1.540194572452637,0.0,,False,0.0
E1,M13,100-0,E,202412,1.0,439.0,0.0013163668275559457,0.5778850372970602,1.7304479878511767,,False,0.0
E1,M13,101-0,A,202412,2.0,2132.0,0.0009035872413481522,1.9264479985542604,1.0381801125703565,,False,0.0
E1,M13,101-0,B,202412,0.0,1505.0,0.0009600614439324117,1.4448924731182795,0.0,,False,0.0
E1,M13,101-0,C,202412,1.0,1254.0,0.0009984639016897081,1.252073732718894,0.798675009201325,,False,0.0
E1,M13,101-0,D,202412,1.0,940.0,0.0013312852022529442,1.2514080901177675,0.7990998363338789,,False,0.0
E1,M13,101-0,E,202412,1.0,439.0,0.0008775778850372971,0.38525669153137343,2.595671981776765,,False,0.0
E1,M13,102-0,A,202412,1.0,2132.0,0.0009035872413481522,1.9264479985542604,0.5190900562851782,,False,0.0
E1,M13,102-0,B,202412,0.0,1505.0,0.0010880696364567333,1.6375448028673836,0.0,,False,0.0
E1,M13,102-0,C,202412,1.0,1254.0,0.0004608294930875576,0.5778801843317972,1.7304625199362043,,False,0.0
E1,M13,102-0,D,202412,0.0,940.0,0.0010240655401945725,0.9626216077828981,0.0,,False,0.0
E1,M13,102-0,E,202412,0.0,439.0,0.0017551557700745941,0.7705133830627469,0.0,,False,0.0
E1,M13,103-0,A,202412,1.0,2132.0,0.0007680491551459293,1.6374807987711213,0.6106941838649156,,False,0.0
E1,M13,103-0,B,202412,0.0,1505.0,0.0007040450588837686,1.0595878136200716,0.0,,False,0.0
E1,M13,103-0,C,202412,0.0,1254.0,0.0009984639016897081,1.252073732718894,0.0,,False,0.0
E1,M13,103-0,D,202412,0.0,940.0,0.0010240655401945725,0.9626216077828981,0.0,,False,0.0
E1,M13,103-0,E,202412,0.0,439.0,0.00153576129881527,0.6741992101799035,0.0,,False,0.0
E1,M13,103-1,A,202412,1.0,2132.0,0.0005873317068762989,1.2521911990602692,0.798600086592582,,False,0.0
E1,M13,103-1,C,202412,0.0,1254.0,0.0006144393241167435,0.7705069124423963,0.0,,False,0.0
E1,M13,103-1,D,202412,1.0,940.0,0.0007168458781362007,0.6738351254480287,1.4840425531914894,,False,0.0
E1,M13,103-1,E,202412,1.0,439.0,0.0008775778850372971,0.38525669153137343,2.595671981776765,,False,0.0
E1,M13,104-0,B,202412,1.0,1505.0,0.0010880696364567333,1.6375448028673836,0.6106703146374829,,False,0.0
E1,M13,104-0,C,202412,1.0,1254.0,0.0018433179723502304,2.311520737327189,0.43261562998405106,,False,0.0
E1,M13,104-0,D,202412,2.0,940.0,0.0010240655401945725,0.9626216077828981,2.0776595744680852,,False,0.0
E1,M13,104-0,E,202412,0.0,439.0,0.0010969723562966214,0.4815708644142168,0.0,,False,0.0
E1,M13,104-1,A,202412,1.0,2132.0,0.0008584078792807445,1.8301255986265472,0.5464105855633455,,False,0.0
E1,M13,104-1,B,202412,1.0,1505.0,0.0007680491551459293,1.1559139784946237,0.8651162790697674,,False,0.0
E1,M13,104-1,C,202412,1.0,1254.0,0.0006144393241167435,0.7705069124423963,1.2978468899521531,,False,0.0
E1,M13,104-1,D,202412,0.0,940.0,0.0014336917562724014,1.3476702508960574,0.0,,False,0.0
E1,M13,104-1,E,202412,0.0,439.0,0.0008775778850372971,0.38525669153137343,0.0,,False,0.0
E1,M13,105-0,A,202412,1.0,2132.0,0.00036143489653926085,0.7705791994217042,1.2977251407129455,,False,0.0
E1,M13,105-0,B,202412,0.0,1505.0,0.00019201228878648233,0.28897849462365593,0.0,,False,0.0
E1,M13,105-0,C,202412,0.0,1254.0,,,,,False,0.0
E1,M13,105-0,D,202412,0.0,940.0,0.00030721966205837174,0.2887864823348694,0.0,,False,0.0
E1,M13,105-0,E,202412,0.0,439.0,,,,,False,0.0
